mean,sd,lcl,mid,ucl,mode,kld,trnd,lower_ci,upper_ci,post_prob,SpeciesCode,years,period,season,results_code,area_code,site,model_type,trnd_order,analysis_code,species_id,sort_order,english_name,french_name
NA,NA,NA,NA,NA,NA,NA,NA,NA,NA,NA,NA,NA,NA,NA,NA,NA,NA,NA,NA,NA,NA,NA,NA,NA
0.026,0.046,-0.059,0.024,0.122,0.021,0,2.6340948473442,-5.72932308429003,12.9754101780319,0.7295,CAGO,2003-2018,all years,Fall,CMMN,PIBO,PIBO,NegBinomial,NA,O,230,168,Canada Goose,Bernache du Canada
-0.068,0.056,-0.175,-0.07,0.043,-0.072,0,-6.57395264227865,-16.0542979230793,4.39378948506126,0.9025,CAGO,2008-2018,10-years,Fall,CMMN,PIBO,PIBO,NegBinomial,NA,O,230,168,Canada Goose,Bernache du Canada
0.021,0.023,-0.029,0.022,0.062,0.023,0,2.12220516375285,-2.85835355333952,6.39623447280337,0.8333,CAGO,2003-2018,all years,Spring,CMMN,PIBO,PIBO,NegBinomial,NA,O,230,168,Canada Goose,Bernache du Canada
0.063,0.033,-0.005,0.063,0.126,0.064,0,6.50268392313054,-0.498752080731768,13.4282168283025,0.967,CAGO,2008-2018,10-years,Spring,CMMN,PIBO,PIBO,NegBinomial,NA,O,230,168,Canada Goose,Bernache du Canada
0.258,0.123,0.031,0.251,0.514,0.242,0,29.4338818624238,3.14855038865227,67.1965699836113,0.9839,WODU,2003-2018,all years,Fall,CMMN,PIBO,PIBO,Poisson,NA,O,360,259,Wood Duck,Canard branchu
0.192,0.251,-0.333,0.197,0.658,0.205,0,21.16705169649,-28.3229805844301,93.0926616739463,0.8024,WODU,2008-2018,10-years,Fall,CMMN,PIBO,PIBO,NegBinomial,NA,O,360,259,Wood Duck,Canard branchu
-0.028,0.037,-0.092,-0.031,0.053,-0.036,0,-2.76116331987531,-8.78948504549096,5.4429645119356,0.8148,WODU,2003-2018,all years,Spring,CMMN,PIBO,PIBO,NegBinomial,NA,O,360,259,Wood Duck,Canard branchu
0.006,0.032,-0.054,0.005,0.071,0.003,0,0.601803605406492,-5.25678934982017,7.35812258683575,0.5677,WODU,2008-2018,10-years,Spring,CMMN,PIBO,PIBO,NegBinomial,NA,O,360,259,Wood Duck,Canard branchu
0.006,0.065,-0.122,0.005,0.137,0.004,0,0.601803605406492,-11.4851631497373,14.6828148520398,0.5284,MALL,2003-2018,all years,Fall,CMMN,PIBO,PIBO,Poisson,NA,O,451,310,Mallard,Canard colvert
0.002,0.122,-0.26,0.006,0.224,0.011,0,0.20020013340003,-22.8948414196434,25.1071019428362,0.5154,MALL,2008-2018,10-years,Fall,CMMN,PIBO,PIBO,Poisson,NA,O,451,310,Mallard,Canard colvert
-0.081,0.037,-0.152,-0.082,-0.006,-0.084,0,-7.78063085553919,-14.1011719258877,-0.598203594606472,0.9761,MALL,2003-2018,all years,Spring,CMMN,PIBO,PIBO,NegBinomial,NA,O,451,310,Mallard,Canard colvert
0.002,0.028,-0.055,0.003,0.054,0.003,0,0.20020013340003,-5.35148520465162,5.54846021550801,0.5482,MALL,2008-2018,10-years,Spring,CMMN,PIBO,PIBO,NegBinomial,NA,O,451,310,Mallard,Canard colvert
-0.138,0.032,-0.202,-0.137,-0.077,-0.137,0,-12.8901308254202,-18.2905072057763,-7.41101463935047,0.9998,BWTE,2003-2018,all years,Spring,CMMN,PIBO,PIBO,Poisson,NA,O,520,274,Blue-winged Teal,Sarcelle à ailes bleues
-0.109,0.061,-0.228,-0.111,0.012,-0.112,0,-10.3269582501765,-20.3875740164546,1.20722888660778,0.9545,BWTE,2008-2018,10-years,Spring,CMMN,PIBO,PIBO,Poisson,NA,O,520,274,Blue-winged Teal,Sarcelle à ailes bleues
-0.341,0.092,-0.541,-0.335,-0.181,-0.325,0,-28.894109179359,-41.7834204601359,-16.556464130421,0.9993,LESC,2003-2018,all years,Spring,CMMN,PIBO,PIBO,Poisson,NA,O,690,432,Lesser Scaup,Petit Fuligule
-0.574,0.186,-1.005,-0.556,-0.267,-0.529,0,-43.6732144877995,-63.3955365195985,-23.4326928534626,0.9992,LESC,2008-2018,10-years,Spring,CMMN,PIBO,PIBO,Poisson,NA,O,690,432,Lesser Scaup,Petit Fuligule
-0.058,0.107,-0.277,-0.058,0.148,-0.058,0,-5.63500525632015,-24.1945502889492,15.9512896362974,0.7413,BUFF,2003-2018,all years,Fall,CMMN,PIBO,PIBO,Poisson,NA,O,820,473,Bufflehead,Petit Garrot
-0.298,0.076,-0.456,-0.296,-0.155,-0.294,0,-25.7698660252226,-36.6186162901451,-14.3584822516386,0.9991,BUFF,2008-2018,10-years,Fall,CMMN,PIBO,PIBO,Poisson,NA,O,820,473,Bufflehead,Petit Garrot
0.062,0.041,-0.02,0.061,0.14,0.061,0,6.39623447280337,-1.98013266932447,15.0273798857227,0.9366,BUFF,2003-2018,all years,Spring,CMMN,PIBO,PIBO,Poisson,NA,O,820,473,Bufflehead,Petit Garrot
-0.09,0.091,-0.267,-0.092,0.088,-0.095,0,-8.60688147287718,-23.4326928534626,9.19881220281975,0.8503,BUFF,2008-2018,10-years,Spring,CMMN,PIBO,PIBO,NegBinomial,NA,O,820,473,Bufflehead,Petit Garrot
-0.018,0.072,-0.164,-0.018,0.119,-0.018,0,-1.78389676416992,-15.1257978119793,12.6369918288353,0.6099,COGO,2003-2018,all years,Spring,CMMN,PIBO,PIBO,Poisson,NA,O,830,474,Common Goldeneye,Garrot à oeil d'or
0.068,0.134,-0.208,0.07,0.322,0.073,0,7.03653084787743,-18.7792963288061,37.9884775957247,0.7134,COGO,2008-2018,10-years,Spring,CMMN,PIBO,PIBO,Poisson,NA,O,830,474,Common Goldeneye,Garrot à oeil d'or
-0.087,0.076,-0.232,-0.09,0.069,-0.093,0,-8.33229043668478,-20.7053876693316,7.14362091483463,0.8943,RBME,2003-2018,all years,Fall,CMMN,PIBO,PIBO,Poisson,NA,O,890,495,Red-breasted Merganser,Harle huppé
-0.101,0.118,-0.353,-0.098,0.117,-0.094,0,-9.60669671141359,-29.7422806622758,12.4119429690537,0.8324,RBME,2008-2018,10-years,Fall,CMMN,PIBO,PIBO,Poisson,NA,O,890,495,Red-breasted Merganser,Harle huppé
-0.01,0.036,-0.082,-0.009,0.057,-0.009,0,-0.995016625083189,-7.87280413036513,5.86558103955002,0.6047,RBME,2003-2018,all years,Spring,CMMN,PIBO,PIBO,NegBinomial,NA,O,890,495,Red-breasted Merganser,Harle huppé
-0.017,0.061,-0.137,-0.018,0.102,-0.02,0,-1.68563153650904,-12.8029773867891,10.7383471727933,0.6429,RBME,2008-2018,10-years,Spring,CMMN,PIBO,PIBO,NegBinomial,NA,O,890,495,Red-breasted Merganser,Harle huppé
0.255,0.056,0.147,0.253,0.364,0.251,0,29.046162087289,15.8353963029855,43.9074214158046,1,WITU,2003-2018,all years,Fall,CMMN,PIBO,PIBO,Poisson,NA,O,1290,951,Wild Turkey,Dindon sauvage
0.326,0.125,0.089,0.32,0.586,0.312,0,38.5415368872785,9.30806563263302,79.6786874420273,0.9917,WITU,2008-2018,10-years,Fall,CMMN,PIBO,PIBO,Poisson,NA,O,1290,951,Wild Turkey,Dindon sauvage
0.08,0.09,-0.088,0.075,0.266,0.067,0,8.32870676749586,-8.42391232766744,30.4735058686928,0.844,WITU,2003-2018,all years,Spring,CMMN,PIBO,PIBO,Poisson,NA,O,1290,951,Wild Turkey,Dindon sauvage
-0.075,0.063,-0.222,-0.07,0.029,-0.062,0,-7.22565136714471,-19.9084635665341,2.94245944751308,0.9192,WITU,2008-2018,10-years,Spring,CMMN,PIBO,PIBO,Poisson,NA,O,1290,951,Wild Turkey,Dindon sauvage
-0.037,0.039,-0.119,-0.035,0.035,-0.034,0,-3.63238646509465,-11.219219923805,3.56197087996233,0.8493,COLO,2003-2018,all years,Fall,CMMN,PIBO,PIBO,Poisson,NA,O,1560,3737,Common Loon,Plongeon huard
-0.081,0.075,-0.229,-0.082,0.069,-0.083,0,-7.78063085553919,-20.4671466494906,7.14362091483463,0.8808,COLO,2008-2018,10-years,Fall,CMMN,PIBO,PIBO,Poisson,NA,O,1560,3737,Common Loon,Plongeon huard
-0.068,0.043,-0.159,-0.067,0.013,-0.065,0,-6.57395264227865,-14.7003641030868,1.30848673598092,0.9476,COLO,2003-2018,all years,Spring,CMMN,PIBO,PIBO,Poisson,NA,O,1560,3737,Common Loon,Plongeon huard
-0.075,0.088,-0.246,-0.078,0.106,-0.082,0,-7.22565136714471,-21.8077775074523,11.1821876506531,0.8332,COLO,2008-2018,10-years,Spring,CMMN,PIBO,PIBO,Poisson,NA,O,1560,3737,Common Loon,Plongeon huard
0.057,0.045,-0.033,0.057,0.143,0.058,0,5.86558103955002,-3.2461440410968,15.372980166601,0.9102,HOGR,2003-2018,all years,Fall,CMMN,PIBO,PIBO,Poisson,NA,O,1620,979,Horned Grebe,Grèbe esclavon
0,0.087,-0.183,0.001,0.163,0.003,0,0,-16.7231844262909,17.7036689688467,0.4862,HOGR,2008-2018,10-years,Fall,CMMN,PIBO,PIBO,Poisson,NA,O,1620,979,Horned Grebe,Grèbe esclavon
0.14,0.105,-0.088,0.143,0.335,0.147,0,15.0273798857227,-8.42391232766744,39.7940385222467,0.9187,HOGR,2003-2018,all years,Spring,CMMN,PIBO,PIBO,Poisson,NA,O,1620,979,Horned Grebe,Grèbe esclavon
0.357,0.122,0.117,0.354,0.601,0.349,0,42.9035869853877,12.4119429690537,82.3941830554062,0.9959,HOGR,2008-2018,10-years,Spring,CMMN,PIBO,PIBO,Poisson,NA,O,1620,979,Horned Grebe,Grèbe esclavon
-0.096,0.057,-0.202,-0.099,0.023,-0.103,0,-9.15359839312938,-18.2905072057763,2.32665395472176,0.9494,DCCO,2003-2018,all years,Spring,CMMN,PIBO,PIBO,NegBinomial,NA,S,2390,4117,Double-crested Cormorant,Cormoran à aigrettes
-0.213,0.064,-0.326,-0.218,-0.074,-0.226,0,-19.1843862783512,-27.8194812568284,-7.13283061587128,0.9948,DCCO,2008-2018,10-years,Spring,CMMN,PIBO,PIBO,NegBinomial,NA,S,2390,4117,Double-crested Cormorant,Cormoran à aigrettes
0.07,0.04,-0.006,0.068,0.151,0.066,0,7.25081812542165,-0.598203594606472,16.299665808182,0.9693,GBHE,2003-2018,all years,Fall,CMMN,PIBO,PIBO,NegBinomial,NA,L,2550,4186,Great Blue Heron,Grand Héron
0.095,0.057,-0.029,0.097,0.199,0.102,0,9.96588551261028,-2.85835355333952,22.0181965899872,0.9437,GBHE,2008-2018,10-years,Fall,CMMN,PIBO,PIBO,NegBinomial,NA,L,2550,4186,Great Blue Heron,Grand Héron
-0.08,0.013,-0.106,-0.08,-0.054,-0.08,0,-7.68836536133642,-10.0575351924076,-5.25678934982017,1,GBHE,2003-2018,all years,Spring,CMMN,PIBO,PIBO,NegBinomial,NA,L,2550,4186,Great Blue Heron,Grand Héron
-0.057,0.024,-0.106,-0.057,-0.01,-0.057,0,-5.54059306334767,-10.0575351924076,-0.995016625083189,0.9845,GBHE,2008-2018,10-years,Spring,CMMN,PIBO,PIBO,NegBinomial,NA,L,2550,4186,Great Blue Heron,Grand Héron
-0.088,0.04,-0.168,-0.089,-0.01,-0.089,0,-8.42391232766744,-15.4646165315341,-0.995016625083189,0.9812,GREG,2003-2018,all years,Spring,CMMN,PIBO,PIBO,Poisson,NA,L,2580,4207,Great Egret,Grande Aigrette
0.012,0.033,-0.054,0.011,0.074,0.011,0,1.20722888660778,-5.25678934982017,7.68068054962199,0.64,GREG,2008-2018,10-years,Spring,CMMN,PIBO,PIBO,Poisson,NA,L,2580,4207,Great Egret,Grande Aigrette
0.183,0.031,0.117,0.183,0.24,0.185,0,20.0814408080831,12.4119429690537,27.1249150321405,1,TUVU,2003-2018,all years,Fall,CMMN,PIBO,PIBO,NegBinomial,NA,O,2850,4349,Turkey Vulture,Urubu à tête rouge
0.121,0.081,-0.072,0.13,0.251,0.143,0,12.8624912367344,-6.94691041887943,28.5310084331195,0.9271,TUVU,2008-2018,10-years,Fall,CMMN,PIBO,PIBO,NegBinomial,NA,O,2850,4349,Turkey Vulture,Urubu à tête rouge
0.03,0.032,-0.032,0.03,0.092,0.029,0,3.04545339535169,-3.14934179208024,9.63648220808169,0.8456,TUVU,2003-2018,all years,Spring,CMMN,PIBO,PIBO,Poisson,NA,O,2850,4349,Turkey Vulture,Urubu à tête rouge
0.117,0.039,0.037,0.117,0.19,0.118,0,12.4119429690537,3.76930208381572,20.9249597657251,0.9945,TUVU,2008-2018,10-years,Spring,CMMN,PIBO,PIBO,Poisson,NA,O,2850,4349,Turkey Vulture,Urubu à tête rouge
0.168,0.031,0.101,0.169,0.225,0.17,0,18.2936610647811,10.6276641763424,25.2322716191864,0.9999,BAEA,2003-2018,all years,Fall,CMMN,PIBO,PIBO,NegBinomial,NA,L,3020,4641,Bald Eagle,Pygargue à tête blanche
0.19,0.061,0.069,0.188,0.31,0.186,0,20.9249597657251,7.14362091483463,36.3425114132178,0.9966,BAEA,2008-2018,10-years,Fall,CMMN,PIBO,PIBO,NegBinomial,NA,L,3020,4641,Bald Eagle,Pygargue à tête blanche
0.137,0.033,0.071,0.137,0.198,0.137,0,14.6828148520398,7.35812258683575,21.8962393821643,0.9985,BAEA,2003-2018,all years,Spring,CMMN,PIBO,PIBO,Poisson,NA,L,3020,4641,Bald Eagle,Pygargue à tête blanche
0.181,0.049,0.078,0.183,0.268,0.185,0,19.84151792932,8.11226586700831,30.7347140014936,0.9969,BAEA,2008-2018,10-years,Spring,CMMN,PIBO,PIBO,Poisson,NA,L,3020,4641,Bald Eagle,Pygargue à tête blanche
-0.036,0.023,-0.081,-0.037,0.007,-0.037,0,-3.53597065168769,-7.78063085553919,0.702455726684859,0.9447,NOHA,2003-2018,all years,Fall,CMMN,PIBO,PIBO,Poisson,NA,O,3061,4537,Northern Harrier,Busard des marais
0.049,0.042,-0.03,0.048,0.135,0.046,0,5.02203507400281,-2.95544664514918,14.4536784351315,0.8933,NOHA,2008-2018,10-years,Fall,CMMN,PIBO,PIBO,Poisson,NA,O,3061,4537,Northern Harrier,Busard des marais
0.012,0.019,-0.026,0.012,0.048,0.013,0,1.20722888660778,-2.56649103912506,4.91706553244706,0.7709,SSHA,2003-2018,all years,Fall,CMMN,PIBO,PIBO,NegBinomial,NA,M,3100,4603,Sharp-shinned Hawk,Épervier brun
0.078,0.015,0.048,0.078,0.106,0.078,0,8.11226586700831,4.91706553244706,11.1821876506531,1,SSHA,2008-2018,10-years,Fall,CMMN,PIBO,PIBO,NegBinomial,NA,M,3100,4603,Sharp-shinned Hawk,Épervier brun
-0.005,0.025,-0.05,-0.007,0.048,-0.009,0,-0.498752080731768,-4.8770575499286,4.91706553244706,0.6304,MERL,2003-2018,all years,Fall,CMMN,PIBO,PIBO,Poisson,NA,O,3580,6483,Merlin,Faucon émerillon
0.046,0.048,-0.037,0.041,0.153,0.035,0,4.70744109569372,-3.63238646509465,16.5324978942738,0.8695,MERL,2008-2018,10-years,Fall,CMMN,PIBO,PIBO,Poisson,NA,O,3580,6483,Merlin,Faucon émerillon
-0.043,0.032,-0.114,-0.041,0.013,-0.037,0,-4.20886099329694,-10.7742044117592,1.30848673598092,0.9253,KILL,2003-2018,all years,Fall,CMMN,PIBO,PIBO,Poisson,NA,O,4210,3180,Killdeer,Pluvier kildir
-0.045,0.078,-0.226,-0.036,0.082,-0.02,0,-4.40025181669,-20.2281898334326,8.5455809829549,0.7133,KILL,2008-2018,10-years,Fall,CMMN,PIBO,PIBO,Poisson,NA,O,4210,3180,Killdeer,Pluvier kildir
-0.086,0.017,-0.121,-0.086,-0.053,-0.086,0,-8.24057687798491,-11.3966040407124,-5.16199875177018,1,KILL,2003-2018,all years,Spring,CMMN,PIBO,PIBO,Poisson,NA,L,4210,3180,Killdeer,Pluvier kildir
-0.164,0.032,-0.228,-0.164,-0.105,-0.163,0,-15.1257978119793,-20.3875740164546,-9.96754774137344,1,KILL,2008-2018,10-years,Spring,CMMN,PIBO,PIBO,Poisson,NA,L,4210,3180,Killdeer,Pluvier kildir
-0.017,0.007,-0.031,-0.017,-0.004,-0.017,0,-1.68563153650904,-3.05244269239741,-0.399201065600852,0.9932,SPSA,2003-2018,all years,Fall,CMMN,PIBO,PIBO,Poisson,NA,O,4350,3356,Spotted Sandpiper,Chevalier grivelé
-0.03,0.014,-0.059,-0.031,-0.003,-0.031,0,-2.95544664514918,-5.72932308429003,-0.2995504496627,0.981,SPSA,2008-2018,10-years,Fall,CMMN,PIBO,PIBO,Poisson,NA,O,4350,3356,Spotted Sandpiper,Chevalier grivelé
0.017,0.026,-0.032,0.017,0.067,0.016,0,1.71453223252407,-3.14934179208024,6.92954781746002,0.7544,SPSA,2003-2018,all years,Spring,CMMN,PIBO,PIBO,Poisson,NA,S,4350,3356,Spotted Sandpiper,Chevalier grivelé
0.02,0.036,-0.054,0.021,0.086,0.022,0,2.02013400267558,-5.25678934982017,8.98063283051287,0.7257,SPSA,2008-2018,10-years,Spring,CMMN,PIBO,PIBO,Poisson,NA,S,4350,3356,Spotted Sandpiper,Chevalier grivelé
0.012,0.057,-0.095,0.009,0.129,0.004,0,1.20722888660778,-9.06270655317686,13.7690124165732,0.568,SAND,2003-2018,all years,Fall,CMMN,PIBO,PIBO,Poisson,NA,O,4680,3265,Sanderling,Bécasseau sanderling
-0.073,0.086,-0.252,-0.072,0.088,-0.07,0,-7.03991699742073,-22.2755261931054,9.19881220281975,0.8323,SAND,2008-2018,10-years,Fall,CMMN,PIBO,PIBO,Poisson,NA,O,4680,3265,Sanderling,Bécasseau sanderling
-0.187,0.041,-0.271,-0.187,-0.109,-0.186,0,-17.0556263614596,-23.7383503594935,-10.3269582501765,0.9999,BOGU,2003-2018,all years,Fall,CMMN,PIBO,PIBO,NegBinomial,NA,O,5080,3497,Bonaparte's Gull,Mouette de Bonaparte
-0.189,0.086,-0.351,-0.193,-0.011,-0.198,0,-17.2213493305266,-29.6016246144379,-1.09397212246313,0.9766,BOGU,2008-2018,10-years,Fall,CMMN,PIBO,PIBO,Poisson,NA,O,5080,3497,Bonaparte's Gull,Mouette de Bonaparte
-0.146,0.076,-0.298,-0.146,0.002,-0.147,0,-13.5842296815357,-25.7698660252226,0.20020013340003,0.9708,BOGU,2003-2018,all years,Spring,CMMN,PIBO,PIBO,NegBinomial,NA,O,5080,3497,Bonaparte's Gull,Mouette de Bonaparte
-0.197,0.14,-0.498,-0.19,0.057,-0.177,0,-17.8809366687342,-39.225506509751,5.86558103955002,0.9317,BOGU,2008-2018,10-years,Spring,CMMN,PIBO,PIBO,NegBinomial,NA,O,5080,3497,Bonaparte's Gull,Mouette de Bonaparte
0.018,0.031,-0.045,0.018,0.077,0.018,0,1.81629763897937,-4.40025181669,8.00420763926004,0.731,RBGU,2003-2018,all years,Fall,CMMN,PIBO,PIBO,NegBinomial,NA,O,5150,3542,Ring-billed Gull,Goéland à bec cerclé
0.113,0.042,0.03,0.114,0.193,0.114,0,11.9631932948586,3.04545339535169,21.288279351912,0.9939,RBGU,2008-2018,10-years,Fall,CMMN,PIBO,PIBO,NegBinomial,NA,O,5150,3542,Ring-billed Gull,Goéland à bec cerclé
-0.078,0.045,-0.164,-0.079,0.008,-0.08,0,-7.50355734564607,-15.1257978119793,0.803208550427348,0.9575,RBGU,2003-2018,all years,Spring,CMMN,PIBO,PIBO,NegBinomial,NA,O,5150,3542,Ring-billed Gull,Goéland à bec cerclé
-0.086,0.085,-0.249,-0.089,0.083,-0.094,0,-8.24057687798491,-22.04200266153,8.65418085482381,0.8664,RBGU,2008-2018,10-years,Spring,CMMN,PIBO,PIBO,NegBinomial,NA,O,5150,3542,Ring-billed Gull,Goéland à bec cerclé
1.714,0.122,-19.025,1.714,760.978,3.116,563967.765,455.112161426093,-99.9999994535537,Inf,0.9939,HERG,2003-2018,all years,Fall,CMMN,PIBO,PIBO,NegBinomial,NA,S,5170,3552,Herring Gull,Goéland argenté
6.319,0.332,5.839,6.263,7.056,6.125,0,55401.7697152875,34243.573315669,115879.66882627,1,HERG,2008-2018,10-years,Fall,CMMN,PIBO,PIBO,NegBinomial,NA,S,5170,3552,Herring Gull,Goéland argenté
-2.983,2.515,-7.737,-1.44,-0.375,-0.957,0,-94.935931629734,-99.9563621250415,-31.2710721209028,0.9987,HERG,2003-2018,all years,Spring,CMMN,PIBO,PIBO,NegBinomial,NA,O,5170,3552,Herring Gull,Goéland argenté
3.343,0.64,2.368,3.229,4.957,3.204,0.003,2730.39111986764,967.601888007134,14116.6655540189,1,HERG,2008-2018,10-years,Spring,CMMN,PIBO,PIBO,NegBinomial,NA,O,5170,3552,Herring Gull,Goéland argenté
-0.053,0.049,-0.153,-0.052,0.04,-0.051,0,-5.16199875177018,-14.1870278188606,4.08107741923882,0.8771,GBBG,2003-2018,all years,Fall,CMMN,PIBO,PIBO,NegBinomial,NA,S,5280,3606,Great Black-backed Gull,Goéland marin
0.082,0.025,0.029,0.083,0.127,0.084,0,8.5455809829549,2.94245944751308,13.5417017781486,0.9957,GBBG,2008-2018,10-years,Fall,CMMN,PIBO,PIBO,NegBinomial,NA,S,5280,3606,Great Black-backed Gull,Goéland marin
0.036,0.064,-0.088,0.034,0.165,0.032,0,3.66558464909237,-8.42391232766744,17.9393118711391,0.7305,GBBG,2003-2018,all years,Spring,CMMN,PIBO,PIBO,NegBinomial,NA,S,5280,3606,Great Black-backed Gull,Goéland marin
0.14,0.063,0.014,0.14,0.258,0.141,0,15.0273798857227,1.40984589384923,29.4338818624238,0.9851,GBBG,2008-2018,10-years,Spring,CMMN,PIBO,PIBO,NegBinomial,NA,S,5280,3606,Great Black-backed Gull,Goéland marin
0.077,0.057,-0.039,0.077,0.185,0.077,0,8.00420763926004,-3.82492908536333,20.3218440127695,0.9141,CATE,2003-2018,all years,Fall,CMMN,PIBO,PIBO,Poisson,NA,O,5500,3659,Caspian Tern,Sterne caspienne
0.076,0.113,-0.149,0.075,0.295,0.073,0,7.89625741572839,-13.8430885101042,34.3126358686277,0.7716,CATE,2008-2018,10-years,Fall,CMMN,PIBO,PIBO,Poisson,NA,O,5500,3659,Caspian Tern,Sterne caspienne
-0.152,0.201,-0.554,-0.154,0.243,-0.158,0,-14.1011719258877,-42.5353379410534,27.506862411846,0.8004,CATE,2008-2018,10-years,Spring,CMMN,PIBO,PIBO,Poisson,NA,S,5500,3659,Caspian Tern,Sterne caspienne
-0.122,0.087,-0.3,-0.122,0.045,-0.122,0,-11.4851631497373,-25.9181779318282,4.60278599087169,0.9296,COTE,2003-2018,all years,Fall,CMMN,PIBO,PIBO,Poisson,NA,O,5570,3672,Common Tern,Sterne pierregarin
-0.21,0.179,-0.585,-0.207,0.124,-0.204,0,-18.9415754029813,-44.2894138187826,13.2015870999175,0.9037,COTE,2008-2018,10-years,Fall,CMMN,PIBO,PIBO,Poisson,NA,O,5570,3672,Common Tern,Sterne pierregarin
-0.092,0.042,-0.178,-0.092,-0.012,-0.092,0,-8.78948504549096,-16.3057576511232,-1.19282871380695,0.9799,MODO,2003-2018,all years,Fall,CMMN,PIBO,PIBO,NegBinomial,NA,O,6170,1260,Mourning Dove,Tourterelle triste
-0.074,0.086,-0.245,-0.075,0.095,-0.076,0,-7.13283061587128,-21.7295461758132,9.96588551261028,0.8383,MODO,2008-2018,10-years,Fall,CMMN,PIBO,PIBO,NegBinomial,NA,O,6170,1260,Mourning Dove,Tourterelle triste
-0.089,0.024,-0.137,-0.089,-0.044,-0.088,0,-8.5154426425548,-12.8029773867891,-4.30460425269533,0.9994,MODO,2003-2018,all years,Spring,CMMN,PIBO,PIBO,NegBinomial,NA,L,6170,1260,Mourning Dove,Tourterelle triste
-0.038,0.039,-0.122,-0.037,0.031,-0.035,0,-3.72870591088005,-11.4851631497373,3.14855038865227,0.8685,MODO,2008-2018,10-years,Spring,CMMN,PIBO,PIBO,NegBinomial,NA,L,6170,1260,Mourning Dove,Tourterelle triste
-0.113,0.037,-0.189,-0.113,-0.044,-0.112,0,-10.6849339883984,-17.2213493305266,-4.30460425269533,0.9978,YBCU,2003-2018,all years,Fall,CMMN,PIBO,PIBO,Poisson,NA,O,7060,1698,Yellow-billed Cuckoo,Coulicou à bec jaune
-0.139,0.076,-0.292,-0.139,0.005,-0.139,0,-12.9771971541748,-25.3231464026643,0.501252085940096,0.9641,YBCU,2008-2018,10-years,Fall,CMMN,PIBO,PIBO,Poisson,NA,O,7060,1698,Yellow-billed Cuckoo,Coulicou à bec jaune
-0.045,0.052,-0.141,-0.048,0.062,-0.052,0,-4.40025181669,-13.1510688302332,6.39623447280337,0.8336,YBCU,2003-2018,all years,Spring,CMMN,PIBO,PIBO,Poisson,NA,O,7060,1698,Yellow-billed Cuckoo,Coulicou à bec jaune
0.08,0.03,0.021,0.08,0.138,0.08,0,8.32870676749586,2.12220516375285,14.7975550274179,0.997,YBCU,2008-2018,10-years,Spring,CMMN,PIBO,PIBO,Poisson,NA,O,7060,1698,Yellow-billed Cuckoo,Coulicou à bec jaune
-0.033,0.051,-0.133,-0.034,0.069,-0.035,0,-3.2461440410968,-12.4534907891229,7.14362091483463,0.7769,CHSW,2003-2018,all years,Fall,CMMN,PIBO,PIBO,Poisson,NA,M,8040,2034,Chimney Swift,Martinet ramoneur
0.057,0.088,-0.119,0.056,0.232,0.054,0,5.86558103955002,-11.219219923805,26.1119728828329,0.7814,CHSW,2008-2018,10-years,Fall,CMMN,PIBO,PIBO,Poisson,NA,M,8040,2034,Chimney Swift,Martinet ramoneur
-0.112,0.036,-0.184,-0.112,-0.045,-0.112,0,-10.5955742499643,-16.8064196173328,-4.40025181669,0.9977,RTHU,2003-2018,all years,Fall,CMMN,PIBO,PIBO,Poisson,NA,M,9270,2508,Ruby-throated Hummingbird,Colibri à gorge rubis
-0.076,0.073,-0.224,-0.076,0.064,-0.076,0,-7.31837934406178,-20.0684865630635,6.60923987615052,0.8636,RTHU,2008-2018,10-years,Fall,CMMN,PIBO,PIBO,Poisson,NA,M,9270,2508,Ruby-throated Hummingbird,Colibri à gorge rubis
0.053,0.03,-0.004,0.051,0.115,0.05,0,5.4429645119356,-0.399201065600852,12.1873437571938,0.9662,BEKI,2003-2018,all years,Fall,CMMN,PIBO,PIBO,Poisson,NA,L,9750,5593,Belted Kingfisher,Martin-pêcheur d'Amérique
0.081,0.057,-0.033,0.08,0.193,0.08,0,8.43708965667604,-3.2461440410968,21.288279351912,0.9363,BEKI,2008-2018,10-years,Fall,CMMN,PIBO,PIBO,Poisson,NA,L,9750,5593,Belted Kingfisher,Martin-pêcheur d'Amérique
0.036,0.023,-0.008,0.035,0.081,0.034,0,3.66558464909237,-0.796808516293934,8.43708965667604,0.9476,RBWO,2003-2018,all years,Fall,CMMN,PIBO,PIBO,Poisson,NA,L,10190,6099,Red-bellied Woodpecker,Pic à ventre roux
0.056,0.037,-0.014,0.055,0.13,0.053,0,5.75976837366112,-1.39024557371381,13.8828383324622,0.9486,RBWO,2008-2018,10-years,Fall,CMMN,PIBO,PIBO,NegBinomial,NA,L,10190,6099,Red-bellied Woodpecker,Pic à ventre roux
0,0.038,-0.086,0.002,0.066,0.006,0,0,-8.24057687798491,6.82267171659934,0.4684,RBWO,2008-2018,10-years,Spring,CMMN,PIBO,PIBO,NegBinomial,NA,L,10190,6099,Red-bellied Woodpecker,Pic à ventre roux
0.009,0.023,-0.039,0.009,0.053,0.009,0,0.904062177386789,-3.82492908536333,5.4429645119356,0.6676,DOWO,2003-2018,all years,Fall,CMMN,PIBO,PIBO,NegBinomial,NA,O,10290,6179,Downy Woodpecker,Pic mineur
0.018,0.041,-0.056,0.016,0.106,0.012,0,1.81629763897937,-5.44608641096037,11.1821876506531,0.6808,DOWO,2008-2018,10-years,Fall,CMMN,PIBO,PIBO,NegBinomial,NA,O,10290,6179,Downy Woodpecker,Pic mineur
0.025,0.044,-0.055,0.021,0.119,0.016,0,2.53151205244289,-5.35148520465162,12.6369918288353,0.7096,DOWO,2008-2018,10-years,Spring,CMMN,PIBO,PIBO,NegBinomial,NA,O,10290,6179,Downy Woodpecker,Pic mineur
0.011,0.032,-0.057,0.011,0.071,0.012,0,1.10607224447195,-5.54059306334767,7.35812258683575,0.654,NOFL,2003-2018,all years,Fall,CMMN,PIBO,PIBO,NegBinomial,NA,O,10460,6390,Northern Flicker,Pic flamboyant
0.046,0.039,-0.031,0.045,0.122,0.044,0,4.70744109569372,-3.05244269239741,12.9754101780319,0.902,NOFL,2008-2018,10-years,Fall,CMMN,PIBO,PIBO,NegBinomial,NA,O,10460,6390,Northern Flicker,Pic flamboyant
-0.046,0.02,-0.084,-0.047,-0.006,-0.048,0,-4.49580378092853,-8.05687439048753,-0.598203594606472,0.982,NOFL,2003-2018,all years,Spring,CMMN,PIBO,PIBO,NegBinomial,NA,MX,10460,6390,Northern Flicker,Pic flamboyant
-0.026,0.045,-0.111,-0.028,0.066,-0.03,0,-2.56649103912506,-10.5061251070969,6.82267171659934,0.7669,NOFL,2008-2018,10-years,Spring,CMMN,PIBO,PIBO,NegBinomial,NA,MX,10460,6390,Northern Flicker,Pic flamboyant
-0.061,0.042,-0.11,-0.057,-0.019,-0.057,0,-5.91767602239903,-10.4165864703472,-1.8820637757194,0.993,EAWP,2003-2018,all years,Fall,CMMN,PIBO,PIBO,NegBinomial,NA,L,12070,8905,Eastern Wood-Pewee,Pioui de l'Est
-0.028,0.033,-0.109,-0.035,0.078,-0.024,152.121,-2.76116331987531,-10.3269582501765,8.11226586700831,0.822,EAWP,2008-2018,10-years,Fall,CMMN,PIBO,PIBO,NegBinomial,NA,L,12070,8905,Eastern Wood-Pewee,Pioui de l'Est
-0.026,0.006,-0.064,-0.025,-0.003,-0.029,878.463,-2.56649103912506,-6.19950004692705,-0.2995504496627,1,EAWP,2003-2018,all years,Spring,CMMN,PIBO,PIBO,NegBinomial,NA,ML,12070,8905,Eastern Wood-Pewee,Pioui de l'Est
-0.005,0.015,-0.034,-0.004,0.024,-0.004,0,-0.498752080731768,-3.34284953624934,2.42903178906215,0.6232,EAWP,2008-2018,10-years,Spring,CMMN,PIBO,PIBO,NegBinomial,NA,ML,12070,8905,Eastern Wood-Pewee,Pioui de l'Est
-0.025,0.063,-0.136,-0.031,0.112,-0.04,0,-2.46900879716674,-12.7157367511281,11.8512860645045,0.693,YBFL,2003-2018,all years,Fall,CMMN,PIBO,PIBO,NegBinomial,NA,M,12130,8926,Yellow-bellied Flycatcher,Moucherolle à ventre jaune
-0.015,0.087,-0.188,-0.016,0.154,-0.017,0,-1.48880603969374,-17.1385292767319,16.649088677844,0.5789,YBFL,2008-2018,10-years,Fall,CMMN,PIBO,PIBO,Poisson,NA,M,12130,8926,Yellow-bellied Flycatcher,Moucherolle à ventre jaune
-0.048,0.017,-0.081,-0.048,-0.017,-0.048,0,-4.68662129224953,-7.78063085553919,-1.68563153650904,0.9985,YBFL,2003-2018,all years,Spring,CMMN,PIBO,PIBO,Poisson,NA,M,12130,8926,Yellow-bellied Flycatcher,Moucherolle à ventre jaune
-0.075,0.029,-0.131,-0.075,-0.021,-0.074,0,-7.22565136714471,-12.2782225608956,-2.07810354305404,0.997,YBFL,2008-2018,10-years,Spring,CMMN,PIBO,PIBO,Poisson,NA,M,12130,8926,Yellow-bellied Flycatcher,Moucherolle à ventre jaune
-0.178,0.049,-0.276,-0.179,-0.082,-0.18,0,-16.3057576511232,-24.1187069238759,-7.87280413036513,0.9976,TRFL,2003-2018,all years,Fall,CMMN,PIBO,PIBO,Poisson,NA,M,12150,8933,Alder/Willow Flycatcher (Traill's Flycatcher),Moucherolle des aulnes ou M. des saules
-0.099,0.04,-0.174,-0.1,-0.021,-0.101,0,-9.42572919764515,-15.9703102341569,-2.07810354305404,0.9851,TRFL,2008-2018,10-years,Fall,CMMN,PIBO,PIBO,Poisson,NA,M,12150,8933,Alder/Willow Flycatcher (Traill's Flycatcher),Moucherolle des aulnes ou M. des saules
-0.08,0.032,-0.142,-0.081,-0.016,-0.081,0,-7.68836536133642,-13.2378743514086,-1.58726799447149,0.9865,TRFL,2003-2018,all years,Spring,CMMN,PIBO,PIBO,NegBinomial,NA,M,12150,8933,Alder/Willow Flycatcher (Traill's Flycatcher),Moucherolle des aulnes ou M. des saules
-0.043,0.041,-0.124,-0.043,0.035,-0.043,0,-4.20886099329694,-11.6620159117249,3.56197087996233,0.8913,TRFL,2008-2018,10-years,Spring,CMMN,PIBO,PIBO,NegBinomial,NA,M,12150,8933,Alder/Willow Flycatcher (Traill's Flycatcher),Moucherolle des aulnes ou M. des saules
-0.03,0.054,-0.123,-0.035,0.087,-0.042,0,-2.95544664514918,-11.5736337439179,9.08966797182778,0.7575,LEFL,2003-2018,all years,Fall,CMMN,PIBO,PIBO,Poisson,NA,M,12190,8935,Least Flycatcher,Moucherolle tchébec
-0.015,0.073,-0.159,-0.017,0.13,-0.019,0,-1.48880603969374,-14.7003641030868,13.8828383324622,0.6069,LEFL,2008-2018,10-years,Fall,CMMN,PIBO,PIBO,Poisson,NA,M,12190,8935,Least Flycatcher,Moucherolle tchébec
-0.089,0.038,-0.155,-0.092,-0.005,-0.096,0,-8.5154426425548,-14.3584822516386,-0.498752080731768,0.977,LEFL,2003-2018,all years,Spring,CMMN,PIBO,PIBO,NegBinomial,NA,M,12190,8935,Least Flycatcher,Moucherolle tchébec
-0.027,0.061,-0.135,-0.032,0.104,-0.038,0,-2.66387584756632,-12.6284088311966,10.9600454915582,0.7366,LEFL,2008-2018,10-years,Spring,CMMN,PIBO,PIBO,NegBinomial,NA,M,12190,8935,Least Flycatcher,Moucherolle tchébec
0.037,0.036,-0.031,0.035,0.11,0.034,0,3.76930208381572,-3.05244269239741,11.6278070458871,0.8708,EAPH,2003-2018,all years,Fall,CMMN,PIBO,PIBO,Poisson,NA,M,12300,8953,Eastern Phoebe,Moucherolle phébi
-0.028,0.06,-0.141,-0.031,0.099,-0.035,0,-2.76116331987531,-13.1510688302332,10.4066299558882,0.7167,EAPH,2008-2018,10-years,Fall,CMMN,PIBO,PIBO,Poisson,NA,M,12300,8953,Eastern Phoebe,Moucherolle phébi
0.077,0.045,-0.014,0.076,0.164,0.076,0,8.00420763926004,-1.39024557371381,17.8214315092722,0.9568,EAPH,2003-2018,all years,Spring,CMMN,PIBO,PIBO,Poisson,NA,MX,12300,8953,Eastern Phoebe,Moucherolle phébi
0.109,0.104,-0.102,0.108,0.31,0.106,0,11.5162350341448,-9.69704483311232,36.3425114132178,0.8748,EAPH,2008-2018,10-years,Spring,CMMN,PIBO,PIBO,Poisson,NA,MX,12300,8953,Eastern Phoebe,Moucherolle phébi
-0.024,0.037,-0.092,-0.026,0.053,-0.029,0,-2.37142902420907,-8.78948504549096,5.4429645119356,0.7648,GCFL,2003-2018,all years,Spring,CMMN,PIBO,PIBO,Poisson,NA,ML,12450,9122,Great Crested Flycatcher,Tyran huppé
-0.046,0.048,-0.137,-0.048,0.049,-0.049,0,-4.49580378092853,-12.8029773867891,5.02203507400281,0.8723,GCFL,2008-2018,10-years,Spring,CMMN,PIBO,PIBO,Poisson,NA,ML,12450,9122,Great Crested Flycatcher,Tyran huppé
-0.026,0.037,-0.093,-0.028,0.053,-0.032,0,-2.56649103912506,-8.88064997038595,5.4429645119356,0.7999,EAKI,2003-2018,all years,Fall,CMMN,PIBO,PIBO,NegBinomial,NA,ML,12720,9184,Eastern Kingbird,Tyran tritri
0.039,0.053,-0.056,0.035,0.154,0.03,0,3.97704836501578,-5.44608641096037,16.649088677844,0.7903,EAKI,2008-2018,10-years,Fall,CMMN,PIBO,PIBO,NegBinomial,NA,ML,12720,9184,Eastern Kingbird,Tyran tritri
-0.037,0.017,-0.07,-0.037,-0.005,-0.037,0,-3.63238646509465,-6.76061800940517,-0.498752080731768,0.9835,EAKI,2003-2018,all years,Spring,CMMN,PIBO,PIBO,NegBinomial,NA,ML,12720,9184,Eastern Kingbird,Tyran tritri
-0.032,0.036,-0.107,-0.032,0.033,-0.031,0,-3.14934179208024,-10.1474327009694,3.35505392413056,0.8491,EAKI,2008-2018,10-years,Spring,CMMN,PIBO,PIBO,NegBinomial,NA,ML,12720,9184,Eastern Kingbird,Tyran tritri
-0.045,0.03,-0.103,-0.046,0.015,-0.048,0,-4.40025181669,-9.78730265184835,1.51130646157189,0.9333,SOVI,2003-2018,all years,Fall,CMMN,PIBO,PIBO,Poisson,NA,M,13390,9922,solitary vireo sp.,Viréo à tête bleue, V. de Cassin ou V. plombé
0.014,0.045,-0.076,0.014,0.101,0.014,0,1.40984589384923,-7.31837934406178,10.6276641763424,0.6404,SOVI,2008-2018,10-years,Fall,CMMN,PIBO,PIBO,Poisson,NA,M,13390,9922,solitary vireo sp.,Viréo à tête bleue, V. de Cassin ou V. plombé
0.052,0.038,-0.029,0.053,0.122,0.055,0,5.33757425133647,-2.85835355333952,12.9754101780319,0.9182,SOVI,2003-2018,all years,Spring,CMMN,PIBO,PIBO,Poisson,NA,M,13390,9922,solitary vireo sp.,Viréo à tête bleue, V. de Cassin ou V. plombé
0.091,0.075,-0.064,0.092,0.236,0.093,0,9.52690052584655,-6.19950004692705,26.617431016688,0.9145,SOVI,2008-2018,10-years,Spring,CMMN,PIBO,PIBO,Poisson,NA,M,13390,9922,solitary vireo sp.,Viréo à tête bleue, V. de Cassin ou V. plombé
-0.053,0.025,-0.107,-0.052,-0.007,-0.051,0,-5.16199875177018,-10.1474327009694,-0.697555706676489,0.9807,WAVI,2003-2018,all years,Spring,CMMN,PIBO,PIBO,NegBinomial,NA,M,13460,9925,Warbling Vireo,Viréo mélodieux
-0.085,0.046,-0.18,-0.085,0.002,-0.084,0,-8.14877155985426,-16.4729788588728,0.20020013340003,0.969,WAVI,2008-2018,10-years,Spring,CMMN,PIBO,PIBO,NegBinomial,NA,M,13460,9925,Warbling Vireo,Viréo mélodieux
-0.095,0.061,-0.209,-0.098,0.032,-0.101,0,-9.06270655317686,-18.8604764356589,3.25175053051183,0.9429,PHVI,2003-2018,all years,Fall,CMMN,PIBO,PIBO,Poisson,NA,M,13480,9924,Philadelphia Vireo,Viréo de Philadelphie
-0.03,0.035,-0.099,-0.03,0.035,-0.03,0,-2.95544664514918,-9.42572919764515,3.56197087996233,0.8093,PHVI,2008-2018,10-years,Fall,CMMN,PIBO,PIBO,Poisson,NA,M,13480,9924,Philadelphia Vireo,Viréo de Philadelphie
-0.038,0.024,-0.083,-0.039,0.01,-0.04,0,-3.72870591088005,-7.96488527798753,1.00501670841679,0.9417,REVI,2003-2018,all years,Fall,CMMN,PIBO,PIBO,NegBinomial,NA,M,41384,9930,Red-eyed Vireo,Viréo aux yeux rouges
-0.01,0.042,-0.094,-0.01,0.074,-0.011,0,-0.995016625083189,-8.9717237759233,7.68068054962199,0.6113,REVI,2008-2018,10-years,Fall,CMMN,PIBO,PIBO,NegBinomial,NA,M,41384,9930,Red-eyed Vireo,Viréo aux yeux rouges
-0.025,0.029,-0.079,-0.026,0.034,-0.028,0,-2.46900879716674,-7.59600755549132,3.45846067281179,0.8217,REVI,2003-2018,all years,Spring,CMMN,PIBO,PIBO,NegBinomial,NA,M,41384,9930,Red-eyed Vireo,Viréo aux yeux rouges
0.014,0.057,-0.09,0.01,0.135,0.005,0,1.40984589384923,-8.60688147287718,14.4536784351315,0.5854,REVI,2008-2018,10-years,Spring,CMMN,PIBO,PIBO,NegBinomial,NA,M,41384,9930,Red-eyed Vireo,Viréo aux yeux rouges
0.068,0.036,-0.001,0.068,0.138,0.067,0,7.03653084787743,-0.0999500166624978,14.7975550274179,0.9714,BLJA,2008-2018,10-years,Fall,CMMN,PIBO,PIBO,NegBinomial,NA,I,13640,10862,Blue Jay,Geai bleu
-0.016,0.038,-0.089,-0.017,0.059,-0.018,0,-1.58726799447149,-8.5154426425548,6.07752407401589,0.687,BLJA,2003-2018,all years,Spring,CMMN,PIBO,PIBO,NegBinomial,NA,I,13640,10862,Blue Jay,Geai bleu
0.031,0.073,-0.12,0.032,0.17,0.034,0,3.14855038865227,-11.3079563282843,18.5304851320365,0.6927,BLJA,2008-2018,10-years,Spring,CMMN,PIBO,PIBO,NegBinomial,NA,I,13640,10862,Blue Jay,Geai bleu
0.03,0.045,-0.054,0.027,0.122,0.025,0,3.04545339535169,-5.25678934982017,12.9754101780319,0.7689,PUMA,2003-2018,all years,Fall,CMMN,PIBO,PIBO,Poisson,NA,L,14050,11941,Purple Martin,Hirondelle noire
0.103,0.043,0.02,0.102,0.188,0.101,0,10.8491409076007,2.02013400267558,20.6833515349605,0.9898,PUMA,2008-2018,10-years,Fall,CMMN,PIBO,PIBO,Poisson,NA,L,14050,11941,Purple Martin,Hirondelle noire
0.003,0.031,-0.059,0.003,0.063,0.002,0,0.300450450337708,-5.72932308429003,6.50268392313054,0.5316,PUMA,2003-2018,all years,Spring,CMMN,PIBO,PIBO,Poisson,NA,L,14050,11941,Purple Martin,Hirondelle noire
0.016,0.068,-0.117,0.015,0.15,0.013,0,1.61286854060949,-11.0414806836589,16.1834242728283,0.5937,PUMA,2008-2018,10-years,Spring,CMMN,PIBO,PIBO,Poisson,NA,L,14050,11941,Purple Martin,Hirondelle noire
-0.138,0.079,-0.291,-0.139,0.017,-0.141,0,-12.8901308254202,-25.2484321981909,1.71453223252407,0.9603,TRES,2003-2018,all years,Fall,CMMN,PIBO,PIBO,Poisson,NA,O,14120,11959,Tree Swallow,Hirondelle bicolore
-0.006,0.12,-0.254,-0.005,0.225,-0.005,0,-0.598203594606472,-22.4308197953524,25.2322716191864,0.5289,TRES,2008-2018,10-years,Fall,CMMN,PIBO,PIBO,Poisson,NA,O,14120,11959,Tree Swallow,Hirondelle bicolore
0.011,0.03,-0.044,0.009,0.075,0.007,0,1.10607224447195,-4.30460425269533,7.78841508846315,0.6373,TRES,2003-2018,all years,Spring,CMMN,PIBO,PIBO,NegBinomial,NA,O,14120,11959,Tree Swallow,Hirondelle bicolore
0.067,0.053,-0.03,0.063,0.178,0.057,0,6.92954781746002,-2.95544664514918,19.4825321234801,0.9143,TRES,2008-2018,10-years,Spring,CMMN,PIBO,PIBO,NegBinomial,NA,O,14120,11959,Tree Swallow,Hirondelle bicolore
-0.198,0.087,-0.385,-0.195,-0.037,-0.188,0,-17.9630146862169,-31.9549363795412,-3.63238646509465,0.9835,NRWS,2003-2018,all years,Fall,CMMN,PIBO,PIBO,Poisson,NA,O,14200,11935,Northern Rough-winged Swallow,Hirondelle à ailes hérissées
-0.342,0.149,-0.685,-0.326,-0.098,-0.296,0,-28.9651795290823,-49.5909770425175,-9.33510962460791,0.9935,NRWS,2008-2018,10-years,Fall,CMMN,PIBO,PIBO,Poisson,NA,O,14200,11935,Northern Rough-winged Swallow,Hirondelle à ailes hérissées
-0.072,0.064,-0.223,-0.066,0.034,-0.059,0,-6.94691041887943,-19.9885150705446,3.45846067281179,0.903,NRWS,2003-2018,all years,Spring,CMMN,PIBO,PIBO,Poisson,NA,M,14200,11935,Northern Rough-winged Swallow,Hirondelle à ailes hérissées
-0.163,0.103,-0.392,-0.158,0.023,-0.151,0,-15.040881158541,-32.4295886039374,2.32665395472176,0.9592,NRWS,2008-2018,10-years,Spring,CMMN,PIBO,PIBO,Poisson,NA,M,14200,11935,Northern Rough-winged Swallow,Hirondelle à ailes hérissées
0.026,0.043,-0.049,0.022,0.123,0.017,0,2.6340948473442,-4.78188703014951,13.0884420947489,0.7342,BARS,2003-2018,all years,Fall,CMMN,PIBO,PIBO,Poisson,NA,O,14250,11995,Barn Swallow,Hirondelle rustique
0.077,0.067,-0.048,0.073,0.218,0.068,0,8.00420763926004,-4.68662129224953,24.3587067619062,0.9047,BARS,2008-2018,10-years,Fall,CMMN,PIBO,PIBO,Poisson,NA,O,14250,11995,Barn Swallow,Hirondelle rustique
-0.039,0.027,-0.091,-0.04,0.014,-0.041,0,-3.82492908536333,-8.69822891007342,1.40984589384923,0.9216,BARS,2003-2018,all years,Spring,CMMN,PIBO,PIBO,NegBinomial,NA,M,14250,11995,Barn Swallow,Hirondelle rustique
-0.054,0.046,-0.141,-0.055,0.04,-0.058,0,-5.25678934982017,-13.1510688302332,4.08107741923882,0.895,BARS,2008-2018,10-years,Spring,CMMN,PIBO,PIBO,NegBinomial,NA,M,14250,11995,Barn Swallow,Hirondelle rustique
-0.038,0.028,-0.1,-0.036,0.012,-0.034,0,-3.72870591088005,-9.51625819640405,1.20722888660778,0.9324,BCCH,2003-2018,all years,Fall,CMMN,PIBO,PIBO,NegBinomial,NA,I,14280,11181,Black-capped Chickadee,Mésange à tête noire
-0.023,0.028,-0.081,-0.023,0.029,-0.022,0,-2.27375162267229,-7.78063085553919,2.94245944751308,0.8309,BCCH,2008-2018,10-years,Fall,CMMN,PIBO,PIBO,NegBinomial,NA,I,14280,11181,Black-capped Chickadee,Mésange à tête noire
-0.012,0.032,-0.072,-0.013,0.052,-0.014,0,-1.19282871380695,-6.94691041887943,5.33757425133647,0.6917,BCCH,2003-2018,all years,Spring,CMMN,PIBO,PIBO,NegBinomial,NA,I,14280,11181,Black-capped Chickadee,Mésange à tête noire
0.045,0.027,-0.004,0.043,0.103,0.041,0,4.60278599087169,-0.399201065600852,10.8491409076007,0.9632,BCCH,2008-2018,10-years,Spring,CMMN,PIBO,PIBO,NegBinomial,NA,I,14280,11181,Black-capped Chickadee,Mésange à tête noire
-0.117,0.046,-0.207,-0.118,-0.027,-0.119,0,-11.0414806836589,-18.6980350012429,-2.66387584756632,0.9908,RBNU,2003-2018,all years,Fall,CMMN,PIBO,PIBO,Poisson,NA,I,14410,13237,Red-breasted Nuthatch,Sittelle à poitrine rousse
-0.095,0.097,-0.285,-0.097,0.095,-0.101,0,-9.06270655317686,-24.7985745680617,9.96588551261028,0.8578,RBNU,2008-2018,10-years,Fall,CMMN,PIBO,PIBO,Poisson,NA,I,14410,13237,Red-breasted Nuthatch,Sittelle à poitrine rousse
0.375,0.094,0.202,0.371,0.565,0.364,0,45.4991414618201,22.3848008111358,75.9447782721815,1,WBNU,2003-2018,all years,Fall,CMMN,PIBO,PIBO,Poisson,NA,O,14420,13240,White-breasted Nuthatch,Sittelle à poitrine blanche
0.419,0.083,0.265,0.414,0.591,0.407,0,52.0440354790196,30.3430975778369,80.5793306108202,1,WBNU,2008-2018,10-years,Fall,CMMN,PIBO,PIBO,Poisson,NA,O,14420,13240,White-breasted Nuthatch,Sittelle à poitrine blanche
0.012,0.033,-0.051,0.011,0.077,0.01,0,1.20722888660778,-4.9721329467573,8.00420763926004,0.652,BRCR,2003-2018,all years,Fall,CMMN,PIBO,PIBO,NegBinomial,NA,M,14450,13267,Brown Creeper,Grimpereau brun
-0.007,0.052,-0.098,-0.011,0.105,-0.016,0,-0.697555706676489,-9.33510962460791,11.0710610355705,0.5977,BRCR,2008-2018,10-years,Fall,CMMN,PIBO,PIBO,NegBinomial,NA,M,14450,13267,Brown Creeper,Grimpereau brun
-0.006,0.058,-0.115,-0.009,0.114,-0.013,0,-0.598203594606472,-10.8633856093169,12.0752124884153,0.5721,BRCR,2003-2018,all years,Spring,CMMN,PIBO,PIBO,Poisson,NA,MX,14450,13267,Brown Creeper,Grimpereau brun
0.077,0.092,-0.112,0.077,0.255,0.077,0,8.00420763926004,-10.5955742499643,29.046162087289,0.8248,BRCR,2008-2018,10-years,Spring,CMMN,PIBO,PIBO,Poisson,NA,MX,14450,13267,Brown Creeper,Grimpereau brun
-0.071,0.078,-0.223,-0.073,0.081,-0.075,0,-6.85381078724079,-19.9885150705446,8.43708965667604,0.8363,CARW,2003-2018,all years,Fall,CMMN,PIBO,PIBO,NegBinomial,NA,L,14720,13404,Carolina Wren,Troglodyte de Caroline
0.051,0.148,-0.253,0.052,0.332,0.053,0,5.23228932832038,-22.3532118176262,39.3752848512517,0.6549,CARW,2008-2018,10-years,Fall,CMMN,PIBO,PIBO,NegBinomial,NA,L,14720,13404,Carolina Wren,Troglodyte de Caroline
-0.083,0.188,-0.455,-0.083,0.274,-0.086,0.162,-7.96488527798753,-36.5552032051772,31.5214802238724,0.674,CARW,2003-2018,all years,Spring,CMMN,PIBO,PIBO,NegBinomial,NA,L,14720,13404,Carolina Wren,Troglodyte de Caroline
0.115,0.409,-0.74,0.117,0.898,0.118,0,12.1873437571938,-52.2886084478966,145.468882086303,0.6404,CARW,2008-2018,10-years,Spring,CMMN,PIBO,PIBO,Poisson,NA,L,14720,13404,Carolina Wren,Troglodyte de Caroline
-0.007,0.033,-0.07,-0.008,0.059,-0.009,0,-0.697555706676489,-6.76061800940517,6.07752407401589,0.6113,HOWR,2003-2018,all years,Fall,CMMN,PIBO,PIBO,NegBinomial,NA,ML,14780,13346,House Wren,Troglodyte familier
0.03,0.047,-0.059,0.027,0.126,0.024,0,3.04545339535169,-5.72932308429003,13.4282168283025,0.7606,HOWR,2008-2018,10-years,Fall,CMMN,PIBO,PIBO,NegBinomial,NA,ML,14780,13346,House Wren,Troglodyte familier
-0.018,0.035,-0.084,-0.019,0.055,-0.022,0,-1.78389676416992,-8.05687439048753,5.65406146754943,0.7279,HOWR,2003-2018,all years,Spring,CMMN,PIBO,PIBO,NegBinomial,NA,ML,14780,13346,House Wren,Troglodyte familier
0.002,0.06,-0.108,-0.001,0.123,-0.005,0,0.20020013340003,-10.2372403569565,13.0884420947489,0.4929,HOWR,2008-2018,10-years,Spring,CMMN,PIBO,PIBO,NegBinomial,NA,ML,14780,13346,House Wren,Troglodyte familier
0,0.032,-0.057,-0.003,0.068,-0.007,0,0,-5.54059306334767,7.03653084787743,0.5489,WIWR,2003-2018,all years,Fall,CMMN,PIBO,PIBO,NegBinomial,NA,M,14830,13380,Pacific/Winter Wren,Troglodyte de Baird ou T. des forêts
-0.034,0.042,-0.115,-0.036,0.053,-0.039,0,-3.34284953624934,-10.8633856093169,5.4429645119356,0.8321,WIWR,2008-2018,10-years,Fall,CMMN,PIBO,PIBO,NegBinomial,NA,M,14830,13380,Pacific/Winter Wren,Troglodyte de Baird ou T. des forêts
-0.059,0.043,-0.136,-0.062,0.033,-0.067,0,-5.72932308429003,-12.7157367511281,3.35505392413056,0.9139,WIWR,2003-2018,all years,Spring,CMMN,PIBO,PIBO,Poisson,NA,MX,14830,13380,Pacific/Winter Wren,Troglodyte de Baird ou T. des forêts
-0.034,0.092,-0.213,-0.037,0.154,-0.042,0,-3.34284953624934,-19.1843862783512,16.649088677844,0.6858,WIWR,2008-2018,10-years,Spring,CMMN,PIBO,PIBO,Poisson,NA,MX,14830,13380,Pacific/Winter Wren,Troglodyte de Baird ou T. des forêts
0.047,0.031,-0.013,0.047,0.107,0.046,0,4.81220090796557,-1.29158649797124,11.2934254479326,0.9489,GCKI,2003-2018,all years,Fall,CMMN,PIBO,PIBO,NegBinomial,NA,M,14960,13201,Golden-crowned Kinglet,Roitelet à couronne dorée
0.048,0.039,-0.029,0.048,0.125,0.047,0,4.91706553244706,-2.85835355333952,13.3148453066826,0.9045,GCKI,2008-2018,10-years,Fall,CMMN,PIBO,PIBO,NegBinomial,NA,M,14960,13201,Golden-crowned Kinglet,Roitelet à couronne dorée
0.097,0.056,-0.01,0.095,0.21,0.092,0,10.1860373621011,-0.995016625083189,23.3678059956743,0.9666,GCKI,2003-2018,all years,Spring,CMMN,PIBO,PIBO,Poisson,NA,O,14960,13201,Golden-crowned Kinglet,Roitelet à couronne dorée
0.132,0.117,-0.1,0.13,0.367,0.126,0,14.1108319267235,-9.51625819640405,44.3397919115178,0.8968,GCKI,2008-2018,10-years,Spring,CMMN,PIBO,PIBO,Poisson,NA,O,14960,13201,Golden-crowned Kinglet,Roitelet à couronne dorée
-0.051,0.03,-0.109,-0.052,0.007,-0.053,0,-4.9721329467573,-10.3269582501765,0.702455726684859,0.9591,RCKI,2003-2018,all years,Fall,CMMN,PIBO,PIBO,NegBinomial,NA,M,14970,13202,Ruby-crowned Kinglet,Roitelet à couronne rubis
-0.005,0.039,-0.081,-0.005,0.072,-0.006,0,-0.498752080731768,-7.78063085553919,7.46553440638136,0.5681,RCKI,2008-2018,10-years,Fall,CMMN,PIBO,PIBO,NegBinomial,NA,M,14970,13202,Ruby-crowned Kinglet,Roitelet à couronne rubis
-0.022,0.03,-0.082,-0.023,0.038,-0.024,0,-2.175976494879,-7.87280413036513,3.87312328784977,0.8052,RCKI,2003-2018,all years,Spring,CMMN,PIBO,PIBO,NegBinomial,NA,M,14970,13202,Ruby-crowned Kinglet,Roitelet à couronne rubis
0.05,0.02,0.011,0.05,0.088,0.05,0,5.12710963760241,1.10607224447195,9.19881220281975,0.9924,RCKI,2008-2018,10-years,Spring,CMMN,PIBO,PIBO,NegBinomial,NA,M,14970,13202,Ruby-crowned Kinglet,Roitelet à couronne rubis
0.094,0.023,0.05,0.093,0.139,0.092,0,9.85597459171736,5.12710963760241,14.9124100003605,0.9997,BGGN,2003-2018,all years,Fall,CMMN,PIBO,PIBO,Poisson,NA,ML,15100,13292,Blue-gray Gnatcatcher,Gobemoucheron gris-bleu
0.102,0.03,0.045,0.1,0.163,0.099,0,10.7383471727933,4.60278599087169,17.7036689688467,0.9966,BGGN,2008-2018,10-years,Fall,CMMN,PIBO,PIBO,Poisson,NA,ML,15100,13292,Blue-gray Gnatcatcher,Gobemoucheron gris-bleu
-0.008,0.044,-0.099,-0.007,0.074,-0.006,0,-0.796808516293934,-9.42572919764515,7.68068054962199,0.5668,BGGN,2003-2018,all years,Spring,CMMN,PIBO,PIBO,NegBinomial,NA,M,15100,13292,Blue-gray Gnatcatcher,Gobemoucheron gris-bleu
-0.08,0.068,-0.225,-0.078,0.046,-0.074,0,-7.68836536133642,-20.1483781240623,4.70744109569372,0.8949,BGGN,2008-2018,10-years,Spring,CMMN,PIBO,PIBO,NegBinomial,NA,M,15100,13292,Blue-gray Gnatcatcher,Gobemoucheron gris-bleu
-0.014,0.033,-0.073,-0.016,0.056,-0.02,0,-1.39024557371381,-7.03991699742073,5.75976837366112,0.7165,VEER,2003-2018,all years,Fall,CMMN,PIBO,PIBO,NegBinomial,NA,M,15550,13856,Veery,Grive fauve
0.034,0.049,-0.06,0.032,0.134,0.031,0,3.45846067281179,-5.82354664157513,14.3392819644647,0.7932,VEER,2008-2018,10-years,Fall,CMMN,PIBO,PIBO,NegBinomial,NA,M,15550,13856,Veery,Grive fauve
-0.052,0.016,-0.083,-0.052,-0.022,-0.051,0,-5.06711331571105,-7.96488527798753,-2.175976494879,0.9995,VEER,2003-2018,all years,Spring,CMMN,PIBO,PIBO,NegBinomial,NA,M,15550,13856,Veery,Grive fauve
-0.083,0.026,-0.135,-0.083,-0.035,-0.083,0,-7.96488527798753,-12.6284088311966,-3.43945837424335,0.9993,VEER,2008-2018,10-years,Spring,CMMN,PIBO,PIBO,NegBinomial,NA,M,15550,13856,Veery,Grive fauve
0.022,0.022,-0.022,0.021,0.063,0.021,0,2.22437844704382,-2.175976494879,6.50268392313054,0.8771,GCTH,2003-2018,all years,Fall,CMMN,PIBO,PIBO,NegBinomial,NA,M,15560,13857,Gray-cheeked Thrush,Grive à joues grises
-0.006,0.019,-0.044,-0.006,0.031,-0.006,0,-0.598203594606472,-4.30460425269533,3.14855038865227,0.6261,GCTH,2008-2018,10-years,Fall,CMMN,PIBO,PIBO,NegBinomial,NA,M,15560,13857,Gray-cheeked Thrush,Grive à joues grises
-0.01,0.012,-0.033,-0.01,0.013,-0.01,0,-0.995016625083189,-3.2461440410968,1.30848673598092,0.8035,SWTH,2003-2018,all years,Fall,CMMN,PIBO,PIBO,NegBinomial,NA,M,15580,13861,Swainson's Thrush,Grive à dos olive
0.007,0.021,-0.035,0.007,0.047,0.007,0,0.702455726684859,-3.43945837424335,4.81220090796557,0.633,SWTH,2008-2018,10-years,Fall,CMMN,PIBO,PIBO,NegBinomial,NA,M,15580,13861,Swainson's Thrush,Grive à dos olive
0.013,0.028,-0.039,0.012,0.072,0.009,0,1.30848673598092,-3.82492908536333,7.46553440638136,0.6746,SWTH,2003-2018,all years,Spring,CMMN,PIBO,PIBO,NegBinomial,NA,M,15580,13861,Swainson's Thrush,Grive à dos olive
-0.003,0.044,-0.087,-0.004,0.087,-0.006,0,-0.2995504496627,-8.33229043668478,9.08966797182778,0.5421,SWTH,2008-2018,10-years,Spring,CMMN,PIBO,PIBO,NegBinomial,NA,M,15580,13861,Swainson's Thrush,Grive à dos olive
-0.029,0.018,-0.065,-0.029,0.007,-0.03,0,-2.85835355333952,-6.29325366225966,0.702455726684859,0.9427,HETH,2003-2018,all years,Fall,CMMN,PIBO,PIBO,NegBinomial,NA,M,15590,13865,Hermit Thrush,Grive solitaire
-0.033,0.029,-0.089,-0.034,0.022,-0.034,0,-3.2461440410968,-8.5154426425548,2.22437844704382,0.8917,HETH,2008-2018,10-years,Fall,CMMN,PIBO,PIBO,NegBinomial,NA,M,15590,13865,Hermit Thrush,Grive solitaire
0.019,0.017,-0.014,0.019,0.052,0.019,0,1.91816486174081,-1.39024557371381,5.33757425133647,0.8722,HETH,2003-2018,all years,Spring,CMMN,PIBO,PIBO,NegBinomial,NA,M,15590,13865,Hermit Thrush,Grive solitaire
0.022,0.032,-0.041,0.022,0.083,0.022,0,2.22437844704382,-4.01708700522011,8.65418085482381,0.7494,HETH,2008-2018,10-years,Spring,CMMN,PIBO,PIBO,NegBinomial,NA,M,15590,13865,Hermit Thrush,Grive solitaire
-0.057,0.016,-0.088,-0.057,-0.028,-0.057,0,-5.54059306334767,-8.42391232766744,-2.76116331987531,0.9999,WOTH,2003-2018,all years,Fall,CMMN,PIBO,PIBO,Poisson,NA,O,15600,13870,Wood Thrush,Grive des bois
-0.019,0.03,-0.078,-0.019,0.037,-0.019,0,-1.8820637757194,-7.50355734564607,3.76930208381572,0.7435,WOTH,2008-2018,10-years,Fall,CMMN,PIBO,PIBO,Poisson,NA,O,15600,13870,Wood Thrush,Grive des bois
-0.018,0.019,-0.055,-0.018,0.019,-0.018,0,-1.78389676416992,-5.35148520465162,1.91816486174081,0.837,WOTH,2003-2018,all years,Spring,CMMN,PIBO,PIBO,Poisson,NA,M,15600,13870,Wood Thrush,Grive des bois
-0.036,0.026,-0.088,-0.036,0.013,-0.036,0,-3.53597065168769,-8.42391232766744,1.30848673598092,0.9173,WOTH,2008-2018,10-years,Spring,CMMN,PIBO,PIBO,Poisson,NA,M,15600,13870,Wood Thrush,Grive des bois
0.073,0.048,-0.022,0.072,0.168,0.07,0,7.57305369147034,-2.175976494879,18.2936610647811,0.9417,AMRO,2003-2018,all years,Fall,CMMN,PIBO,PIBO,NegBinomial,NA,M,15770,13974,American Robin,Merle d'Amérique
0.079,0.079,-0.08,0.079,0.232,0.078,0,8.22043220703148,-7.68836536133642,26.1119728828329,0.8673,AMRO,2008-2018,10-years,Fall,CMMN,PIBO,PIBO,NegBinomial,NA,M,15770,13974,American Robin,Merle d'Amérique
-0.036,0.022,-0.077,-0.037,0.008,-0.038,0,-3.53597065168769,-7.41101463935047,0.803208550427348,0.9478,AMRO,2003-2018,all years,Spring,CMMN,PIBO,PIBO,NegBinomial,NA,O,15770,13974,American Robin,Merle d'Amérique
-0.054,0.042,-0.134,-0.056,0.029,-0.058,0,-5.25678934982017,-12.5409935396666,2.94245944751308,0.91,AMRO,2008-2018,10-years,Spring,CMMN,PIBO,PIBO,NegBinomial,NA,O,15770,13974,American Robin,Merle d'Amérique
-0.057,0.022,-0.102,-0.057,-0.018,-0.057,0,-5.54059306334767,-9.69704483311232,-1.78389676416992,0.9926,GRCA,2003-2018,all years,Fall,CMMN,PIBO,PIBO,NegBinomial,NA,ML,15900,13708,Gray Catbird,Moqueur chat
-0.035,0.055,-0.151,-0.034,0.067,-0.032,0,-3.43945837424335,-14.0152301340794,6.92954781746002,0.7647,GRCA,2008-2018,10-years,Fall,CMMN,PIBO,PIBO,Poisson,NA,ML,15900,13708,Gray Catbird,Moqueur chat
-0.11,0.032,-0.169,-0.112,-0.042,-0.115,0,-10.4165864703472,-15.5491096613966,-4.11302194275155,0.9953,EUST,2003-2018,all years,Spring,CMMN,PIBO,PIBO,NegBinomial,NA,O,16140,13599,European Starling,Étourneau sansonnet
-0.056,0.069,-0.182,-0.061,0.087,-0.068,0,-5.44608641096037,-16.6398659584265,9.08966797182778,0.8222,EUST,2008-2018,10-years,Spring,CMMN,PIBO,PIBO,NegBinomial,NA,O,16140,13599,European Starling,Étourneau sansonnet
-0.159,0.049,-0.256,-0.159,-0.065,-0.159,0,-14.7003641030868,-22.5858031207752,-6.29325366225966,0.9979,AMPI,2003-2018,all years,Fall,CMMN,PIBO,PIBO,Poisson,NA,MX,16290,15561,American Pipit,Pipit d'Amérique
-0.144,0.081,-0.305,-0.145,0.015,-0.146,0,-13.4112251940795,-26.2876625608372,1.51130646157189,0.9573,AMPI,2008-2018,10-years,Fall,CMMN,PIBO,PIBO,Poisson,NA,MX,16290,15561,American Pipit,Pipit d'Amérique
-0.007,0.035,-0.075,-0.007,0.06,-0.008,0,-0.697555706676489,-7.22565136714471,6.18365465453596,0.584,CEDW,2003-2018,all years,Fall,CMMN,PIBO,PIBO,NegBinomial,NA,M,16330,14652,Cedar Waxwing,Jaseur d'Amérique
0.055,0.035,-0.014,0.055,0.124,0.054,0,5.65406146754943,-1.39024557371381,13.2015870999175,0.947,CEDW,2008-2018,10-years,Fall,CMMN,PIBO,PIBO,NegBinomial,NA,M,16330,14652,Cedar Waxwing,Jaseur d'Amérique
-0.04,0.028,-0.096,-0.04,0.014,-0.04,0,-3.92105608476768,-9.15359839312938,1.40984589384923,0.9227,CEDW,2003-2018,all years,Spring,CMMN,PIBO,PIBO,NegBinomial,NA,M,16330,14652,Cedar Waxwing,Jaseur d'Amérique
-0.027,0.026,-0.078,-0.027,0.023,-0.027,0,-2.66387584756632,-7.50355734564607,2.32665395472176,0.85,CEDW,2008-2018,10-years,Spring,CMMN,PIBO,PIBO,NegBinomial,NA,M,16330,14652,Cedar Waxwing,Jaseur d'Amérique
-0.07,0.05,-0.176,-0.068,0.024,-0.066,0,-6.76061800940517,-16.1382016662926,2.42903178906215,0.9344,TEWA,2003-2018,all years,Fall,CMMN,PIBO,PIBO,Poisson,NA,M,16460,16573,Tennessee Warbler,Paruline obscure
0.05,0.073,-0.101,0.051,0.188,0.052,0,5.12710963760241,-9.60669671141359,20.6833515349605,0.7836,TEWA,2008-2018,10-years,Fall,CMMN,PIBO,PIBO,Poisson,NA,M,16460,16573,Tennessee Warbler,Paruline obscure
0.028,0.043,-0.063,0.029,0.106,0.031,0,2.8395684421425,-6.10565263108668,11.1821876506531,0.7635,TEWA,2003-2018,all years,Spring,CMMN,PIBO,PIBO,NegBinomial,NA,M,16460,16573,Tennessee Warbler,Paruline obscure
-0.03,0.102,-0.256,-0.025,0.151,-0.017,0,-2.95544664514918,-22.5858031207752,16.299665808182,0.6231,TEWA,2008-2018,10-years,Spring,CMMN,PIBO,PIBO,NegBinomial,NA,M,16460,16573,Tennessee Warbler,Paruline obscure
-0.072,0.024,-0.124,-0.072,-0.026,-0.072,0,-6.94691041887943,-11.6620159117249,-2.56649103912506,0.9941,NAWA,2003-2018,all years,Fall,CMMN,PIBO,PIBO,Poisson,NA,M,16480,16582,Nashville Warbler,Paruline à joues grises
-0.03,0.041,-0.113,-0.03,0.052,-0.031,0,-2.95544664514918,-10.6849339883984,5.33757425133647,0.8102,NAWA,2008-2018,10-years,Fall,CMMN,PIBO,PIBO,Poisson,NA,M,16480,16582,Nashville Warbler,Paruline à joues grises
-0.088,0.038,-0.164,-0.088,-0.016,-0.088,0,-8.42391232766744,-15.1257978119793,-1.58726799447149,0.9872,NAWA,2003-2018,all years,Spring,CMMN,PIBO,PIBO,NegBinomial,NA,M,16480,16582,Nashville Warbler,Paruline à joues grises
-0.068,0.075,-0.22,-0.068,0.076,-0.068,0,-6.57395264227865,-19.7481202037522,7.89625741572839,0.8453,NAWA,2008-2018,10-years,Spring,CMMN,PIBO,PIBO,NegBinomial,NA,M,16480,16582,Nashville Warbler,Paruline à joues grises
-0.017,0.057,-0.124,-0.02,0.103,-0.024,0,-1.68563153650904,-11.6620159117249,10.8491409076007,0.6648,YWAR,2003-2018,all years,Fall,CMMN,PIBO,PIBO,Poisson,NA,L,16560,16660,Yellow Warbler,Paruline jaune
0.089,0.041,0.008,0.088,0.168,0.088,0,9.30806563263302,0.803208550427348,18.2936610647811,0.9836,YWAR,2008-2018,10-years,Fall,CMMN,PIBO,PIBO,Poisson,NA,L,16560,16660,Yellow Warbler,Paruline jaune
-0.013,0.019,-0.046,-0.014,0.029,-0.017,0,-1.29158649797124,-4.49580378092853,2.94245944751308,0.7919,YWAR,2003-2018,all years,Spring,CMMN,PIBO,PIBO,NegBinomial,NA,ML,16560,16660,Yellow Warbler,Paruline jaune
0.018,0.04,-0.053,0.015,0.105,0.009,0,1.81629763897937,-5.16199875177018,11.0710610355705,0.6814,YWAR,2008-2018,10-years,Spring,CMMN,PIBO,PIBO,NegBinomial,NA,ML,16560,16660,Yellow Warbler,Paruline jaune
-0.093,0.04,-0.171,-0.095,-0.012,-0.097,0,-8.88064997038595,-15.717842652838,-1.19282871380695,0.9787,CSWA,2003-2018,all years,Fall,CMMN,PIBO,PIBO,NegBinomial,NA,M,16570,16668,Chestnut-sided Warbler,Paruline à flancs marron
-0.042,0.064,-0.17,-0.043,0.085,-0.045,0,-4.11302194275155,-15.6335183403616,8.87170666983987,0.7867,CSWA,2008-2018,10-years,Fall,CMMN,PIBO,PIBO,Poisson,NA,M,16570,16668,Chestnut-sided Warbler,Paruline à flancs marron
-0.067,0.021,-0.107,-0.067,-0.03,-0.067,0.006,-6.48047986632234,-10.1474327009694,-2.95544664514918,0.9954,CSWA,2003-2018,all years,Spring,CMMN,PIBO,PIBO,NegBinomial,NA,M,16570,16668,Chestnut-sided Warbler,Paruline à flancs marron
0.016,0.056,-0.083,0.012,0.132,0.009,0,1.61286854060949,-7.96488527798753,14.1108319267235,0.6012,CSWA,2008-2018,10-years,Spring,CMMN,PIBO,PIBO,NegBinomial,NA,M,16570,16668,Chestnut-sided Warbler,Paruline à flancs marron
-0.078,0.033,-0.139,-0.08,-0.009,-0.082,0,-7.50355734564607,-12.9771971541748,-0.895962122711635,0.9795,MAWA,2003-2018,all years,Fall,CMMN,PIBO,PIBO,NegBinomial,NA,M,16580,16654,Magnolia Warbler,Paruline à tête cendrée
-0.067,0.049,-0.166,-0.067,0.026,-0.068,0,-6.48047986632234,-15.29537658106,2.6340948473442,0.9295,MAWA,2008-2018,10-years,Fall,CMMN,PIBO,PIBO,NegBinomial,NA,M,16580,16654,Magnolia Warbler,Paruline à tête cendrée
-0.093,0.022,-0.137,-0.093,-0.049,-0.093,0,-8.88064997038595,-12.8029773867891,-4.78188703014951,0.9993,MAWA,2003-2018,all years,Spring,CMMN,PIBO,PIBO,NegBinomial,NA,M,16580,16654,Magnolia Warbler,Paruline à tête cendrée
-0.083,0.048,-0.179,-0.084,0.011,-0.085,0,-7.96488527798753,-16.3894100602964,1.10607224447195,0.9585,MAWA,2008-2018,10-years,Spring,CMMN,PIBO,PIBO,NegBinomial,NA,M,16580,16654,Magnolia Warbler,Paruline à tête cendrée
-0.016,0.068,-0.165,-0.014,0.109,-0.011,0,-1.58726799447149,-15.2106295912084,11.5162350341448,0.6044,CMWA,2003-2018,all years,Fall,CMMN,PIBO,PIBO,Poisson,NA,M,16590,16636,Cape May Warbler,Paruline tigrée
0.102,0.092,-0.088,0.103,0.277,0.105,0,10.7383471727933,-8.42391232766744,31.9166371034959,0.8864,CMWA,2008-2018,10-years,Fall,CMMN,PIBO,PIBO,Poisson,NA,M,16590,16636,Cape May Warbler,Paruline tigrée
-0.027,0.019,-0.065,-0.028,0.009,-0.028,0,-2.66387584756632,-6.29325366225966,0.904062177386789,0.9338,BTBW,2003-2018,all years,Fall,CMMN,PIBO,PIBO,NegBinomial,NA,M,16600,16673,Black-throated Blue Warbler,Paruline bleue
-0.057,0.016,-0.089,-0.057,-0.027,-0.057,0,-5.54059306334767,-8.5154426425548,-2.66387584756632,0.9999,BTBW,2008-2018,10-years,Fall,CMMN,PIBO,PIBO,NegBinomial,NA,M,16600,16673,Black-throated Blue Warbler,Paruline bleue
-0.035,0.035,-0.102,-0.036,0.035,-0.037,0,-3.43945837424335,-9.69704483311232,3.56197087996233,0.8713,BTBW,2003-2018,all years,Spring,CMMN,PIBO,PIBO,NegBinomial,NA,M,16600,16673,Black-throated Blue Warbler,Paruline bleue
0.045,0.067,-0.073,0.039,0.192,0.032,0,4.60278599087169,-7.03991699742073,21.16705169649,0.7756,BTBW,2008-2018,10-years,Spring,CMMN,PIBO,PIBO,Poisson,NA,M,16600,16673,Black-throated Blue Warbler,Paruline bleue
-0.099,0.042,-0.185,-0.099,-0.017,-0.098,0,-9.42572919764515,-16.8895716147874,-1.68563153650904,0.9834,YRWA,2003-2018,all years,Fall,CMMN,PIBO,PIBO,NegBinomial,NA,M,16610,16681,Yellow-rumped Warbler,Paruline à croupion jaune
-0.123,0.081,-0.278,-0.126,0.043,-0.13,0,-11.5736337439179,-24.2703178485664,4.39378948506126,0.9366,YRWA,2008-2018,10-years,Fall,CMMN,PIBO,PIBO,NegBinomial,NA,M,16610,16681,Yellow-rumped Warbler,Paruline à croupion jaune
-0.013,0.03,-0.075,-0.013,0.045,-0.013,0,-1.29158649797124,-7.22565136714471,4.60278599087169,0.6836,YRWA,2003-2018,all years,Spring,CMMN,PIBO,PIBO,NegBinomial,NA,M,16610,16681,Yellow-rumped Warbler,Paruline à croupion jaune
0.078,0.026,0.026,0.078,0.128,0.078,0,8.11226586700831,2.6340948473442,13.655300269706,0.9986,YRWA,2008-2018,10-years,Spring,CMMN,PIBO,PIBO,NegBinomial,NA,M,16610,16681,Yellow-rumped Warbler,Paruline à croupion jaune
-0.031,0.031,-0.096,-0.031,0.028,-0.031,0,-3.05244269239741,-9.15359839312938,2.8395684421425,0.8705,BTNW,2003-2018,all years,Fall,CMMN,PIBO,PIBO,Poisson,NA,M,16660,16716,Black-throated Green Warbler,Paruline à gorge noire
0.038,0.024,-0.008,0.038,0.084,0.038,0,3.87312328784977,-0.796808516293934,8.76288938088261,0.9453,BTNW,2008-2018,10-years,Fall,CMMN,PIBO,PIBO,Poisson,NA,M,16660,16716,Black-throated Green Warbler,Paruline à gorge noire
-0.034,0.049,-0.128,-0.036,0.068,-0.039,0,-3.34284953624934,-12.0146620855356,7.03653084787743,0.7912,BTNW,2003-2018,all years,Spring,CMMN,PIBO,PIBO,NegBinomial,NA,M,16660,16716,Black-throated Green Warbler,Paruline à gorge noire
0.069,0.031,0.011,0.068,0.128,0.068,0.001,7.14362091483463,1.10607224447195,13.655300269706,0.9908,BTNW,2008-2018,10-years,Spring,CMMN,PIBO,PIBO,NegBinomial,NA,M,16660,16716,Black-throated Green Warbler,Paruline à gorge noire
0,0.054,-0.105,-0.002,0.109,-0.004,0,0,-9.96754774137344,11.5162350341448,0.515,BLBW,2003-2018,all years,Fall,CMMN,PIBO,PIBO,Poisson,NA,M,16690,16657,Blackburnian Warbler,Paruline à gorge orangée
0.097,0.067,-0.023,0.092,0.242,0.085,0,10.1860373621011,-2.27375162267229,27.3794192816195,0.9494,BLBW,2008-2018,10-years,Fall,CMMN,PIBO,PIBO,Poisson,NA,M,16690,16657,Blackburnian Warbler,Paruline à gorge orangée
-0.001,0.051,-0.102,-0.002,0.099,-0.003,0,-0.0999500166624978,-9.69704483311232,10.4066299558882,0.5087,BLBW,2003-2018,all years,Spring,CMMN,PIBO,PIBO,Poisson,NA,M,16690,16657,Blackburnian Warbler,Paruline à gorge orangée
0.136,0.107,-0.052,0.127,0.37,0.114,0,14.5681893594862,-5.06711331571105,44.7734614663325,0.9302,BLBW,2008-2018,10-years,Spring,CMMN,PIBO,PIBO,Poisson,NA,M,16690,16657,Blackburnian Warbler,Paruline à gorge orangée
-0.015,0.03,-0.075,-0.016,0.044,-0.016,0,-1.48880603969374,-7.22565136714471,4.49823548884438,0.7159,PAWA,2003-2018,all years,Fall,CMMN,PIBO,PIBO,Poisson,NA,M,16800,16675,Palm Warbler,Paruline à couronne rousse
-0.003,0.052,-0.108,-0.003,0.1,-0.005,0,-0.2995504496627,-10.2372403569565,10.5170918075648,0.541,PAWA,2008-2018,10-years,Fall,CMMN,PIBO,PIBO,Poisson,NA,M,16800,16675,Palm Warbler,Paruline à couronne rousse
0.022,0.04,-0.059,0.022,0.098,0.022,0,2.22437844704382,-5.72932308429003,10.2962785108508,0.7327,PAWA,2003-2018,all years,Spring,CMMN,PIBO,PIBO,NegBinomial,NA,M,16800,16675,Palm Warbler,Paruline à couronne rousse
0.103,0.067,-0.035,0.105,0.222,0.107,0,10.8491409076007,-3.43945837424335,24.8571377864284,0.9483,PAWA,2008-2018,10-years,Spring,CMMN,PIBO,PIBO,NegBinomial,NA,M,16800,16675,Palm Warbler,Paruline à couronne rousse
0.078,0.081,-0.075,0.075,0.243,0.07,0,8.11226586700831,-7.22565136714471,27.506862411846,0.8555,BBWA,2003-2018,all years,Fall,CMMN,PIBO,PIBO,Poisson,NA,M,16810,16656,Bay-breasted Warbler,Paruline à poitrine baie
0.228,0.075,0.074,0.229,0.368,0.231,0,25.6085325432344,7.68068054962199,44.4842038973879,0.9944,BBWA,2008-2018,10-years,Fall,CMMN,PIBO,PIBO,Poisson,NA,M,16810,16656,Bay-breasted Warbler,Paruline à poitrine baie
0.018,0.035,-0.055,0.018,0.084,0.019,0,1.81629763897937,-5.35148520465162,8.76288938088261,0.7178,BLPW,2003-2018,all years,Fall,CMMN,PIBO,PIBO,NegBinomial,NA,M,16820,16670,Blackpoll Warbler,Paruline rayée
0.044,0.048,-0.049,0.042,0.142,0.04,0,4.49823548884438,-4.78188703014951,15.2576648537005,0.8448,BLPW,2008-2018,10-years,Fall,CMMN,PIBO,PIBO,NegBinomial,NA,M,16820,16670,Blackpoll Warbler,Paruline rayée
-0.1,0.044,-0.191,-0.099,-0.018,-0.097,0,-9.51625819640405,-17.3867411848806,-1.78389676416992,0.9853,BLPW,2003-2018,all years,Spring,CMMN,PIBO,PIBO,Poisson,NA,M,16820,16670,Blackpoll Warbler,Paruline rayée
-0.175,0.055,-0.291,-0.173,-0.075,-0.169,0,-16.0542979230793,-25.2484321981909,-7.22565136714471,0.9978,BLPW,2008-2018,10-years,Spring,CMMN,PIBO,PIBO,Poisson,NA,M,16820,16670,Blackpoll Warbler,Paruline rayée
-0.024,0.034,-0.09,-0.025,0.046,-0.027,0,-2.37142902420907,-8.60688147287718,4.70744109569372,0.7929,BAWW,2003-2018,all years,Fall,CMMN,PIBO,PIBO,NegBinomial,NA,M,16880,16568,Black-and-white Warbler,Paruline noir et blanc
-0.003,0.058,-0.122,-0.004,0.109,-0.004,0,-0.2995504496627,-11.4851631497373,11.5162350341448,0.537,BAWW,2008-2018,10-years,Fall,CMMN,PIBO,PIBO,NegBinomial,NA,M,16880,16568,Black-and-white Warbler,Paruline noir et blanc
0.014,0.016,-0.017,0.014,0.045,0.014,0,1.40984589384923,-1.68563153650904,4.60278599087169,0.8185,BAWW,2003-2018,all years,Spring,CMMN,PIBO,PIBO,NegBinomial,NA,M,16880,16568,Black-and-white Warbler,Paruline noir et blanc
0.054,0.028,-0.002,0.054,0.107,0.054,0,5.54846021550801,-0.199800133266692,11.2934254479326,0.9731,BAWW,2008-2018,10-years,Spring,CMMN,PIBO,PIBO,NegBinomial,NA,M,16880,16568,Black-and-white Warbler,Paruline noir et blanc
-0.039,0.02,-0.08,-0.039,-0.001,-0.038,0,-3.82492908536333,-7.68836536133642,-0.0999500166624978,0.9712,AMRE,2003-2018,all years,Fall,CMMN,PIBO,PIBO,NegBinomial,NA,M,16890,16634,American Redstart,Paruline flamboyante
-0.048,0.041,-0.133,-0.047,0.031,-0.047,0,-4.68662129224953,-12.4534907891229,3.14855038865227,0.8982,AMRE,2008-2018,10-years,Fall,CMMN,PIBO,PIBO,NegBinomial,NA,M,16890,16634,American Redstart,Paruline flamboyante
-0.064,0.024,-0.111,-0.065,-0.019,-0.065,0,-6.19950004692705,-10.5061251070969,-1.8820637757194,0.9922,AMRE,2003-2018,all years,Spring,CMMN,PIBO,PIBO,NegBinomial,NA,M,16890,16634,American Redstart,Paruline flamboyante
-0.068,0.054,-0.168,-0.07,0.045,-0.072,0,-6.57395264227865,-15.4646165315341,4.60278599087169,0.9163,AMRE,2008-2018,10-years,Spring,CMMN,PIBO,PIBO,NegBinomial,NA,M,16890,16634,American Redstart,Paruline flamboyante
-0.019,0.01,-0.039,-0.019,0,-0.019,0,-1.8820637757194,-3.82492908536333,0,0.9682,OVEN,2003-2018,all years,Fall,CMMN,PIBO,PIBO,NegBinomial,NA,M,16930,16555,Ovenbird,Paruline couronnée
-0.031,0.017,-0.064,-0.031,0,-0.031,0,-3.05244269239741,-6.19950004692705,0,0.9747,OVEN,2008-2018,10-years,Fall,CMMN,PIBO,PIBO,NegBinomial,NA,M,16930,16555,Ovenbird,Paruline couronnée
-0.011,0.014,-0.039,-0.011,0.016,-0.011,0,-1.09397212246313,-3.82492908536333,1.61286854060949,0.7807,OVEN,2003-2018,all years,Spring,CMMN,PIBO,PIBO,NegBinomial,NA,M,16930,16555,Ovenbird,Paruline couronnée
0.006,0.025,-0.043,0.006,0.054,0.006,0,0.601803605406492,-4.20886099329694,5.54846021550801,0.592,OVEN,2008-2018,10-years,Spring,CMMN,PIBO,PIBO,NegBinomial,NA,M,16930,16555,Ovenbird,Paruline couronnée
-0.043,0.029,-0.103,-0.043,0.012,-0.042,0,-4.20886099329694,-9.78730265184835,1.20722888660778,0.9417,NOWA,2003-2018,all years,Fall,CMMN,PIBO,PIBO,NegBinomial,NA,M,16940,16558,Northern Waterthrush,Paruline des ruisseaux
-0.114,0.046,-0.222,-0.111,-0.037,-0.107,0,-10.7742044117592,-19.9084635665341,-3.63238646509465,0.9911,NOWA,2008-2018,10-years,Fall,CMMN,PIBO,PIBO,NegBinomial,NA,M,16940,16558,Northern Waterthrush,Paruline des ruisseaux
0.041,0.032,-0.022,0.04,0.106,0.038,0,4.18521055454795,-2.175976494879,11.1821876506531,0.9152,NOWA,2003-2018,all years,Spring,CMMN,PIBO,PIBO,Poisson,NA,M,16940,16558,Northern Waterthrush,Paruline des ruisseaux
-0.03,0.028,-0.086,-0.03,0.024,-0.029,0,-2.95544664514918,-8.24057687798491,2.42903178906215,0.8516,NOWA,2008-2018,10-years,Spring,CMMN,PIBO,PIBO,NegBinomial,NA,M,16940,16558,Northern Waterthrush,Paruline des ruisseaux
-0.026,0.024,-0.073,-0.027,0.018,-0.027,0,-2.56649103912506,-7.03991699742073,1.81629763897937,0.8953,COYE,2003-2018,all years,Fall,CMMN,PIBO,PIBO,NegBinomial,NA,M,17000,16615,Common Yellowthroat,Paruline masquée
-0.001,0.021,-0.041,-0.001,0.038,-0.001,0,-0.0999500166624978,-4.01708700522011,3.87312328784977,0.5233,COYE,2008-2018,10-years,Fall,CMMN,PIBO,PIBO,NegBinomial,NA,M,17000,16615,Common Yellowthroat,Paruline masquée
-0.056,0.027,-0.103,-0.059,0.003,-0.061,0,-5.44608641096037,-9.78730265184835,0.300450450337708,0.9644,COYE,2003-2018,all years,Spring,CMMN,PIBO,PIBO,NegBinomial,NA,M,17000,16615,Common Yellowthroat,Paruline masquée
-0.04,0.05,-0.132,-0.042,0.062,-0.044,0,-3.92105608476768,-12.3659004920627,6.39623447280337,0.8432,COYE,2008-2018,10-years,Spring,CMMN,PIBO,PIBO,NegBinomial,NA,M,17000,16615,Common Yellowthroat,Paruline masquée
-0.093,0.037,-0.163,-0.094,-0.018,-0.096,0,-8.88064997038595,-15.040881158541,-1.78389676416992,0.9875,WIWA,2003-2018,all years,Fall,CMMN,PIBO,PIBO,Poisson,NA,M,17140,16777,Wilson's Warbler,Paruline à calotte noire
-0.088,0.072,-0.223,-0.092,0.062,-0.098,0,-8.42391232766744,-19.9885150705446,6.39623447280337,0.8944,WIWA,2008-2018,10-years,Fall,CMMN,PIBO,PIBO,Poisson,NA,M,17140,16777,Wilson's Warbler,Paruline à calotte noire
-0.103,0.024,-0.153,-0.102,-0.057,-0.101,0,-9.78730265184835,-14.1870278188606,-5.54059306334767,0.9998,WIWA,2003-2018,all years,Spring,CMMN,PIBO,PIBO,Poisson,NA,M,17140,16777,Wilson's Warbler,Paruline à calotte noire
-0.091,0.026,-0.142,-0.091,-0.043,-0.09,0,-8.69822891007342,-13.2378743514086,-4.20886099329694,0.9998,WIWA,2008-2018,10-years,Spring,CMMN,PIBO,PIBO,Poisson,NA,M,17140,16777,Wilson's Warbler,Paruline à calotte noire
-0.056,0.037,-0.124,-0.059,0.02,-0.061,0,-5.44608641096037,-11.6620159117249,2.02013400267558,0.9399,CAWA,2003-2018,all years,Fall,CMMN,PIBO,PIBO,Poisson,NA,M,17150,16776,Canada Warbler,Paruline du Canada
-0.081,0.061,-0.197,-0.083,0.041,-0.086,0,-7.78063085553919,-17.8809366687342,4.18521055454795,0.9134,CAWA,2008-2018,10-years,Fall,CMMN,PIBO,PIBO,Poisson,NA,M,17150,16776,Canada Warbler,Paruline du Canada
-0.076,0.018,-0.112,-0.076,-0.042,-0.075,0,-7.31837934406178,-10.5955742499643,-4.11302194275155,1,CAWA,2003-2018,all years,Spring,CMMN,PIBO,PIBO,NegBinomial,NA,M,17150,16776,Canada Warbler,Paruline du Canada
-0.116,0.031,-0.177,-0.115,-0.058,-0.114,0,-10.9524776702527,-16.2220215477006,-5.63500525632015,1,CAWA,2008-2018,10-years,Spring,CMMN,PIBO,PIBO,NegBinomial,NA,M,17150,16776,Canada Warbler,Paruline du Canada
0.003,0.028,-0.052,0.003,0.057,0.003,0,0.300450450337708,-5.06711331571105,5.86558103955002,0.5443,SCTA,2003-2018,all years,Spring,CMMN,PIBO,PIBO,Poisson,NA,M,17680,16821,Scarlet Tanager,Piranga écarlate
0.058,0.056,-0.048,0.056,0.17,0.054,0,5.97149957102876,-4.68662129224953,18.5304851320365,0.875,SCTA,2008-2018,10-years,Spring,CMMN,PIBO,PIBO,Poisson,NA,M,17680,16821,Scarlet Tanager,Piranga écarlate
-0.027,0.035,-0.097,-0.027,0.041,-0.027,0,-2.66387584756632,-9.24439938667273,4.18521055454795,0.7925,EATO,2003-2018,all years,Spring,CMMN,PIBO,PIBO,Poisson,NA,M,18570,16290,Eastern Towhee,Tohi à flancs roux
-0.004,0.054,-0.117,-0.003,0.097,-0.002,0,-0.399201065600852,-11.0414806836589,10.1860373621011,0.5316,EATO,2008-2018,10-years,Spring,CMMN,PIBO,PIBO,Poisson,NA,M,18570,16290,Eastern Towhee,Tohi à flancs roux
-0.029,0.071,-0.176,-0.028,0.102,-0.025,0,-2.85835355333952,-16.1382016662926,10.7383471727933,0.6702,CHSP,2003-2018,all years,Fall,CMMN,PIBO,PIBO,Poisson,NA,M,18770,16105,Chipping Sparrow,Bruant familier
0.04,0.137,-0.229,0.037,0.313,0.032,0,4.08107741923882,-20.4671466494906,36.7521531027605,0.6115,CHSP,2008-2018,10-years,Fall,CMMN,PIBO,PIBO,Poisson,NA,M,18770,16105,Chipping Sparrow,Bruant familier
-0.041,0.095,-0.231,-0.042,0.142,-0.043,0,-4.01708700522011,-20.6260533964757,15.2576648537005,0.6998,CHSP,2003-2018,all years,Spring,CMMN,PIBO,PIBO,NegBinomial,NA,M,18770,16105,Chipping Sparrow,Bruant familier
0.039,0.187,-0.335,0.037,0.402,0.035,0,3.97704836501578,-28.466191364744,49.4811332676043,0.5924,CHSP,2008-2018,10-years,Spring,CMMN,PIBO,PIBO,NegBinomial,NA,M,18770,16105,Chipping Sparrow,Bruant familier
-0.007,0.039,-0.085,-0.007,0.068,-0.007,0,-0.697555706676489,-8.14877155985426,7.03653084787743,0.5799,FISP,2003-2018,all years,Spring,CMMN,PIBO,PIBO,Poisson,NA,MX,18800,16109,Field Sparrow,Bruant des champs
-0.058,0.071,-0.204,-0.057,0.078,-0.056,0,-5.63500525632015,-18.4537628812707,8.11226586700831,0.8228,FISP,2008-2018,10-years,Spring,CMMN,PIBO,PIBO,Poisson,NA,MX,18800,16109,Field Sparrow,Bruant des champs
-0.094,0.029,-0.154,-0.094,-0.039,-0.093,0,-8.9717237759233,-14.2727978988543,-3.82492908536333,0.9985,SOSP,2003-2018,all years,Fall,CMMN,PIBO,PIBO,Poisson,NA,O,18990,16248,Song Sparrow,Bruant chanteur
-0.055,0.045,-0.146,-0.055,0.031,-0.055,0,-5.35148520465162,-13.5842296815357,3.14855038865227,0.8982,SOSP,2008-2018,10-years,Fall,CMMN,PIBO,PIBO,Poisson,NA,O,18990,16248,Song Sparrow,Bruant chanteur
-0.051,0.02,-0.09,-0.051,-0.014,-0.051,0,-4.9721329467573,-8.60688147287718,-1.39024557371381,0.9918,SOSP,2003-2018,all years,Spring,CMMN,PIBO,PIBO,Poisson,NA,O,18990,16248,Song Sparrow,Bruant chanteur
-0.065,0.037,-0.138,-0.065,0.008,-0.066,0,-6.29325366225966,-12.8901308254202,0.803208550427348,0.9585,SOSP,2008-2018,10-years,Spring,CMMN,PIBO,PIBO,Poisson,NA,O,18990,16248,Song Sparrow,Bruant chanteur
-0.101,0.042,-0.193,-0.1,-0.026,-0.097,0,-9.60669671141359,-17.5518025860892,-2.56649103912506,0.9912,SWSP,2003-2018,all years,Fall,CMMN,PIBO,PIBO,NegBinomial,NA,M,19010,16261,Swamp Sparrow,Bruant des marais
-0.024,0.053,-0.139,-0.022,0.072,-0.02,0,-2.37142902420907,-12.9771971541748,7.46553440638136,0.689,SWSP,2008-2018,10-years,Fall,CMMN,PIBO,PIBO,NegBinomial,NA,M,19010,16261,Swamp Sparrow,Bruant des marais
-0.085,0.033,-0.152,-0.084,-0.023,-0.084,0,-8.14877155985426,-14.1011719258877,-2.27375162267229,0.9912,SWSP,2003-2018,all years,Spring,CMMN,PIBO,PIBO,NegBinomial,NA,M,19010,16261,Swamp Sparrow,Bruant des marais
-0.057,0.086,-0.23,-0.058,0.112,-0.059,0,-5.54059306334767,-20.5466397496666,11.8512860645045,0.7754,SWSP,2008-2018,10-years,Spring,CMMN,PIBO,PIBO,Poisson,NA,M,19010,16261,Swamp Sparrow,Bruant des marais
-0.012,0.029,-0.07,-0.012,0.044,-0.012,0,-1.19282871380695,-6.76061800940517,4.49823548884438,0.6815,WTSP,2003-2018,all years,Fall,CMMN,PIBO,PIBO,NegBinomial,NA,M,19030,16204,White-throated Sparrow,Bruant à gorge blanche
-0.016,0.033,-0.08,-0.016,0.047,-0.016,0,-1.58726799447149,-7.68836536133642,4.81220090796557,0.69,WTSP,2008-2018,10-years,Fall,CMMN,PIBO,PIBO,NegBinomial,NA,M,19030,16204,White-throated Sparrow,Bruant à gorge blanche
-0.095,0.039,-0.179,-0.094,-0.024,-0.092,0,-9.06270655317686,-16.3894100602964,-2.37142902420907,0.9911,WTSP,2003-2018,all years,Spring,CMMN,PIBO,PIBO,NegBinomial,NA,M,19030,16204,White-throated Sparrow,Bruant à gorge blanche
-0.06,0.086,-0.232,-0.061,0.109,-0.062,0,-5.82354664157513,-20.7053876693316,11.5162350341448,0.7869,WTSP,2008-2018,10-years,Spring,CMMN,PIBO,PIBO,NegBinomial,NA,M,19030,16204,White-throated Sparrow,Bruant à gorge blanche
0.015,0.07,-0.134,0.017,0.145,0.019,0,1.51130646157189,-12.5409935396666,15.6039570268022,0.6098,WCSP,2003-2018,all years,Fall,CMMN,PIBO,PIBO,Poisson,NA,M,19050,16191,White-crowned Sparrow,Bruant à couronne blanche
0.18,0.121,-0.065,0.179,0.413,0.179,0,19.721736312181,-6.29325366225966,51.1345025933994,0.9396,WCSP,2008-2018,10-years,Fall,CMMN,PIBO,PIBO,Poisson,NA,M,19050,16191,White-crowned Sparrow,Bruant à couronne blanche
-0.039,0.058,-0.162,-0.038,0.068,-0.036,0,-3.82492908536333,-14.9558795459767,7.03653084787743,0.7682,WCSP,2003-2018,all years,Spring,CMMN,PIBO,PIBO,Poisson,NA,M,19050,16191,White-crowned Sparrow,Bruant à couronne blanche
0.026,0.108,-0.198,0.027,0.23,0.028,0,2.6340948473442,-17.9630146862169,25.8600009929478,0.6224,WCSP,2008-2018,10-years,Spring,CMMN,PIBO,PIBO,Poisson,NA,M,19050,16191,White-crowned Sparrow,Bruant à couronne blanche
0.004,0.026,-0.047,0.003,0.053,0.003,0,0.400801067734191,-4.59126024096289,5.4429645119356,0.5541,NOCA,2003-2018,all years,Fall,CMMN,PIBO,PIBO,NegBinomial,NA,L,19360,16857,Northern Cardinal,Cardinal rouge
-0.026,0.045,-0.106,-0.029,0.069,-0.034,0,-2.56649103912506,-10.0575351924076,7.14362091483463,0.768,NOCA,2008-2018,10-years,Fall,CMMN,PIBO,PIBO,NegBinomial,NA,L,19360,16857,Northern Cardinal,Cardinal rouge
0.005,0.032,-0.057,0.004,0.072,0.001,0,0.501252085940096,-5.54059306334767,7.46553440638136,0.5492,NOCA,2003-2018,all years,Spring,CMMN,PIBO,PIBO,NegBinomial,NA,L,19360,16857,Northern Cardinal,Cardinal rouge
-0.002,0.176,-0.593,0,0.583,0.002,0,-0.199800133266692,-44.7333205139518,79.1404591258466,0.4957,NOCA,2008-2018,10-years,Spring,CMMN,PIBO,PIBO,NegBinomial,NA,L,19360,16857,Northern Cardinal,Cardinal rouge
-0.093,0.026,-0.144,-0.093,-0.043,-0.093,0,-8.88064997038595,-13.4112251940795,-4.20886099329694,0.9988,RBGR,2003-2018,all years,Fall,CMMN,PIBO,PIBO,Poisson,NA,M,19400,16873,Rose-breasted Grosbeak,Cardinal à poitrine rose
-0.128,0.048,-0.223,-0.128,-0.036,-0.127,0,-12.0146620855356,-19.9885150705446,-3.53597065168769,0.9933,RBGR,2008-2018,10-years,Fall,CMMN,PIBO,PIBO,Poisson,NA,M,19400,16873,Rose-breasted Grosbeak,Cardinal à poitrine rose
-0.044,0.022,-0.086,-0.044,-0.001,-0.044,0,-4.30460425269533,-8.24057687798491,-0.0999500166624978,0.9718,RBGR,2003-2018,all years,Spring,CMMN,PIBO,PIBO,NegBinomial,NA,M,19400,16873,Rose-breasted Grosbeak,Cardinal à poitrine rose
-0.016,0.056,-0.118,-0.02,0.104,-0.024,0,-1.58726799447149,-11.1303947385383,10.9600454915582,0.6714,RBGR,2008-2018,10-years,Spring,CMMN,PIBO,PIBO,NegBinomial,NA,M,19400,16873,Rose-breasted Grosbeak,Cardinal à poitrine rose
-0.113,0.078,-0.274,-0.112,0.034,-0.111,0,-10.6849339883984,-23.9667924739118,3.45846067281179,0.9382,INBU,2003-2018,all years,Fall,CMMN,PIBO,PIBO,Poisson,NA,L,19460,16904,Indigo Bunting,Passerin indigo
0.106,0.057,-0.005,0.104,0.223,0.102,0,11.1821876506531,-0.498752080731768,24.9820573735984,0.9679,INBU,2008-2018,10-years,Fall,CMMN,PIBO,PIBO,Poisson,NA,L,19460,16904,Indigo Bunting,Passerin indigo
-0.022,0.022,-0.065,-0.023,0.022,-0.024,0,-2.175976494879,-6.29325366225966,2.22437844704382,0.8604,INBU,2003-2018,all years,Spring,CMMN,PIBO,PIBO,NegBinomial,NA,ML,19460,16904,Indigo Bunting,Passerin indigo
-0.015,0.037,-0.082,-0.017,0.064,-0.021,0,-1.48880603969374,-7.87280413036513,6.60923987615052,0.6957,INBU,2008-2018,10-years,Spring,CMMN,PIBO,PIBO,NegBinomial,NA,ML,19460,16904,Indigo Bunting,Passerin indigo
-0.161,0.101,-0.357,-0.164,0.043,-0.166,0,-14.8707928892849,-30.0227502265389,4.39378948506126,0.9489,BOBO,2003-2018,all years,Fall,CMMN,PIBO,PIBO,Poisson,NA,M,19520,16371,Bobolink,Goglu des prés
-0.293,0.201,-0.679,-0.3,0.122,-0.308,0,-25.3977859302778,-49.2876137249091,12.9754101780319,0.9259,BOBO,2008-2018,10-years,Fall,CMMN,PIBO,PIBO,Poisson,NA,M,19520,16371,Bobolink,Goglu des prés
0.114,0.025,0.065,0.114,0.161,0.114,0,12.0752124884153,6.71590243841926,17.4684968813872,1,RWBL,2008-2018,10-years,Fall,CMMN,PIBO,PIBO,NegBinomial,NA,S,19530,16482,Red-winged Blackbird,Carouge à épaulettes
-0.007,0.021,-0.047,-0.007,0.036,-0.008,0,-0.697555706676489,-4.59126024096289,3.66558464909237,0.6487,RWBL,2003-2018,all years,Spring,CMMN,PIBO,PIBO,NegBinomial,NA,O,19530,16482,Red-winged Blackbird,Carouge à épaulettes
0.025,0.024,-0.023,0.025,0.071,0.024,0,2.53151205244289,-2.27375162267229,7.35812258683575,0.8718,RWBL,2008-2018,10-years,Spring,CMMN,PIBO,PIBO,NegBinomial,NA,O,19530,16482,Red-winged Blackbird,Carouge à épaulettes
-0.042,0.05,-0.134,-0.043,0.056,-0.045,0,-4.11302194275155,-12.5409935396666,5.75976837366112,0.8431,RUBL,2003-2018,all years,Fall,CMMN,PIBO,PIBO,NegBinomial,NA,S,19650,16507,Rusty Blackbird,Quiscale rouilleux
-0.059,0.094,-0.241,-0.062,0.133,-0.066,0,-5.72932308429003,-21.4158373611654,14.2249998330894,0.7652,RUBL,2008-2018,10-years,Fall,CMMN,PIBO,PIBO,NegBinomial,NA,S,19650,16507,Rusty Blackbird,Quiscale rouilleux
-0.018,0.1,-0.204,-0.024,0.191,-0.03,0,-1.78389676416992,-18.4537628812707,21.0459452081299,0.6108,RUBL,2003-2018,all years,Spring,CMMN,PIBO,PIBO,Poisson,NA,MX,19650,16507,Rusty Blackbird,Quiscale rouilleux
-0.179,0.137,-0.46,-0.178,0.084,-0.174,0,-16.3894100602964,-36.8716354493074,8.76288938088261,0.9155,RUBL,2008-2018,10-years,Spring,CMMN,PIBO,PIBO,Poisson,NA,MX,19650,16507,Rusty Blackbird,Quiscale rouilleux
-0.079,0.013,-0.105,-0.079,-0.054,-0.079,0,-7.59600755549132,-9.96754774137344,-5.25678934982017,1,COGR,2003-2018,all years,Spring,CMMN,PIBO,PIBO,NegBinomial,NA,O,19670,16510,Common Grackle,Quiscale bronzé
-0.051,0.02,-0.093,-0.051,-0.014,-0.05,0,-4.9721329467573,-8.88064997038595,-1.39024557371381,0.9914,COGR,2008-2018,10-years,Spring,CMMN,PIBO,PIBO,NegBinomial,NA,O,19670,16510,Common Grackle,Quiscale bronzé
-0.258,0.105,-0.469,-0.258,-0.057,-0.257,0,-22.7404767893072,-37.4372416843689,-5.54059306334767,0.9898,BHCO,2003-2018,all years,Fall,CMMN,PIBO,PIBO,Poisson,NA,S,19760,16500,Brown-headed Cowbird,Vacher à tête brune
-0.26,0.232,-0.718,-0.265,0.207,-0.273,0,-22.8948414196434,-51.2273265374269,22.9982571780753,0.8926,BHCO,2008-2018,10-years,Fall,CMMN,PIBO,PIBO,Poisson,NA,S,19760,16500,Brown-headed Cowbird,Vacher à tête brune
-0.024,0.027,-0.073,-0.027,0.035,-0.03,0,-2.37142902420907,-7.03991699742073,3.56197087996233,0.8374,BHCO,2003-2018,all years,Spring,CMMN,PIBO,PIBO,NegBinomial,NA,O,19760,16500,Brown-headed Cowbird,Vacher à tête brune
-0.041,0.034,-0.105,-0.042,0.03,-0.045,0,-4.01708700522011,-9.96754774137344,3.04545339535169,0.8936,BHCO,2008-2018,10-years,Spring,CMMN,PIBO,PIBO,NegBinomial,NA,O,19760,16500,Brown-headed Cowbird,Vacher à tête brune
-0.181,0.075,-0.339,-0.179,-0.041,-0.176,0,-16.556464130421,-28.7517550910808,-4.01708700522011,0.9888,OROR,2003-2018,all years,Spring,CMMN,PIBO,PIBO,Poisson,NA,O,19850,16433,Orchard Oriole,Oriole des vergers
-0.271,0.136,-0.54,-0.274,0.001,-0.278,0,-23.7383503594935,-41.725174762601,0.100050016670838,0.9708,OROR,2008-2018,10-years,Spring,CMMN,PIBO,PIBO,Poisson,NA,O,19850,16433,Orchard Oriole,Oriole des vergers
0.018,0.022,-0.024,0.017,0.062,0.017,0,1.81629763897937,-2.37142902420907,6.39623447280337,0.8081,BAOR,2003-2018,all years,Fall,CMMN,PIBO,PIBO,NegBinomial,NA,ML,19990,16473,Baltimore Oriole,Oriole de Baltimore
0,0.037,-0.07,-0.001,0.073,-0.002,0,0,-6.76061800940517,7.57305369147034,0.5253,BAOR,2008-2018,10-years,Fall,CMMN,PIBO,PIBO,NegBinomial,NA,ML,19990,16473,Baltimore Oriole,Oriole de Baltimore
-0.031,0.017,-0.063,-0.032,0.003,-0.033,0,-3.05244269239741,-6.10565263108668,0.300450450337708,0.9614,BAOR,2003-2018,all years,Spring,CMMN,PIBO,PIBO,NegBinomial,NA,ML,19990,16473,Baltimore Oriole,Oriole de Baltimore
-0.027,0.038,-0.094,-0.031,0.056,-0.036,0,-2.66387584756632,-8.9717237759233,5.75976837366112,0.7959,BAOR,2008-2018,10-years,Spring,CMMN,PIBO,PIBO,NegBinomial,NA,ML,19990,16473,Baltimore Oriole,Oriole de Baltimore
-0.051,0.042,-0.137,-0.051,0.026,-0.049,0,-4.9721329467573,-12.8029773867891,2.6340948473442,0.9111,PUFI,2003-2018,all years,Fall,CMMN,PIBO,PIBO,Poisson,NA,I,20330,15800,Purple Finch,Roselin pourpré
-0.112,0.076,-0.273,-0.11,0.029,-0.105,0,-10.5955742499643,-23.8907212371066,2.94245944751308,0.9439,PUFI,2008-2018,10-years,Fall,CMMN,PIBO,PIBO,Poisson,NA,I,20330,15800,Purple Finch,Roselin pourpré
-0.087,0.07,-0.226,-0.087,0.05,-0.088,0,-8.33229043668478,-20.2281898334326,5.12710963760241,0.8982,HOFI,2003-2018,all years,Fall,CMMN,PIBO,PIBO,Poisson,NA,L,20350,15797,House Finch,Roselin familier
-0.178,0.116,-0.416,-0.177,0.044,-0.175,0,-16.3057576511232,-34.0319729515611,4.49823548884438,0.941,HOFI,2008-2018,10-years,Fall,CMMN,PIBO,PIBO,Poisson,NA,L,20350,15797,House Finch,Roselin familier
-0.032,0.021,-0.073,-0.033,0.01,-0.034,0,-3.14934179208024,-7.03991699742073,1.00501670841679,0.9346,AMGO,2003-2018,all years,Fall,CMMN,PIBO,PIBO,NegBinomial,NA,O,20500,15952,American Goldfinch,Chardonneret jaune
0.013,0.018,-0.024,0.013,0.046,0.013,0,1.30848673598092,-2.37142902420907,4.70744109569372,0.7654,AMGO,2008-2018,10-years,Fall,CMMN,PIBO,PIBO,NegBinomial,NA,O,20500,15952,American Goldfinch,Chardonneret jaune
-0.072,0.019,-0.108,-0.072,-0.035,-0.072,0,-6.94691041887943,-10.2372403569565,-3.43945837424335,0.9994,AMGO,2003-2018,all years,Spring,CMMN,PIBO,PIBO,NegBinomial,NA,M,20500,15952,American Goldfinch,Chardonneret jaune
-0.086,0.03,-0.144,-0.086,-0.033,-0.086,0,-8.24057687798491,-13.4112251940795,-3.2461440410968,0.993,AMGO,2008-2018,10-years,Spring,CMMN,PIBO,PIBO,NegBinomial,NA,M,20500,15952,American Goldfinch,Chardonneret jaune
-0.055,0.078,-0.193,-0.061,0.117,-0.069,0,-5.35148520465162,-17.5518025860892,12.4119429690537,0.7991,BANS,2003-2018,all years,Fall,CMMN,PIBO,PIBO,Poisson,NA,M,35407,11978,Bank Swallow,Hirondelle de rivage
0.029,0.09,-0.147,0.027,0.211,0.023,0,2.94245944751308,-13.6706022583681,23.4912355061394,0.6338,BANS,2008-2018,10-years,Fall,CMMN,PIBO,PIBO,Poisson,NA,M,35407,11978,Bank Swallow,Hirondelle de rivage
-0.13,0.079,-0.292,-0.13,0.021,-0.128,0,-12.1904569079439,-25.3231464026643,2.12220516375285,0.9521,BANS,2003-2018,all years,Spring,CMMN,PIBO,PIBO,Poisson,NA,M,35407,11978,Bank Swallow,Hirondelle de rivage
-0.008,0.026,-0.059,-0.008,0.04,-0.008,0,-0.796808516293934,-5.72932308429003,4.08107741923882,0.6276,AMCR,2003-2018,all years,Fall,CMMN,PIBO,PIBO,NegBinomial,NA,S,38407,10977,American Crow,Corneille d'Amérique
-0.021,0.046,-0.111,-0.021,0.067,-0.021,0,-2.07810354305404,-10.5061251070969,6.92954781746002,0.6686,AMCR,2008-2018,10-years,Fall,CMMN,PIBO,PIBO,NegBinomial,NA,S,38407,10977,American Crow,Corneille d'Amérique
0.015,0.024,-0.031,0.014,0.062,0.013,0,1.51130646157189,-3.05244269239741,6.39623447280337,0.7518,AMCR,2003-2018,all years,Spring,CMMN,PIBO,PIBO,NegBinomial,NA,L,38407,10977,American Crow,Corneille d'Amérique
0.027,0.05,-0.077,0.027,0.124,0.027,0,2.73678027634894,-7.41101463935047,13.2015870999175,0.7392,AMCR,2008-2018,10-years,Spring,CMMN,PIBO,PIBO,NegBinomial,NA,L,38407,10977,American Crow,Corneille d'Amérique
0.028,0.025,-0.026,0.029,0.071,0.03,0,2.8395684421425,-2.56649103912506,7.35812258683575,0.8896,DEJU,2003-2018,all years,Fall,CMMN,PIBO,PIBO,NegBinomial,NA,M,42218,16164,Dark-eyed Junco,Junco ardoisé
0.023,0.026,-0.027,0.023,0.072,0.024,0,2.32665395472176,-2.66387584756632,7.46553440638136,0.81,DEJU,2008-2018,10-years,Fall,CMMN,PIBO,PIBO,NegBinomial,NA,M,42218,16164,Dark-eyed Junco,Junco ardoisé
0.051,0.067,-0.078,0.048,0.187,0.046,0,5.23228932832038,-7.50355734564607,20.5627285049925,0.7967,DEJU,2003-2018,all years,Spring,CMMN,PIBO,PIBO,Poisson,NA,O,42218,16164,Dark-eyed Junco,Junco ardoisé
0.163,0.097,-0.019,0.158,0.365,0.151,0,17.7036689688467,-1.8820637757194,44.0514008149217,0.9622,DEJU,2008-2018,10-years,Spring,CMMN,PIBO,PIBO,Poisson,NA,O,42218,16164,Dark-eyed Junco,Junco ardoisé
